iteration,n_features,score,action
0,71,0.5812787978462663,"('remove', 13)"
1,70,0.5949552497919545,"('remove', 60)"
2,69,0.6037211588472046,"('remove', 62)"
3,68,0.6127908196793559,"('remove', 58)"
4,67,0.62419935377421,"('remove', 59)"
5,66,0.6291804242215462,"('remove', 54)"
6,65,0.6387995215120393,"('remove', 61)"
7,64,0.6523685075116087,"('remove', 4)"
8,63,0.6630339056197418,"('remove', 46)"
9,62,0.6673587970054387,"('remove', 6)"
10,61,0.67566260512591,"('remove', 3)"
11,60,0.6840929876205954,"('remove', 43)"
12,59,0.6852027201214884,"('remove', 32)"
13,58,0.6855811996268364,"('remove', 44)"
14,57,0.6884747412845568,"('remove', 34)"
15,56,0.6927107573709106,"('remove', 38)"
16,55,0.6996297413601666,"('remove', 31)"
17,54,0.702884388395091,"('remove', 5)"
18,53,0.7047322500276846,"('remove', 48)"
19,52,0.709718053448192,"('remove', 53)"
20,51,0.7188789628955398,"('remove', 47)"
21,50,0.7263578979956797,"('remove', 15)"
22,49,0.7288185846219655,"('remove', 50)"
23,48,0.7295726097318544,"('remove', 14)"
24,47,0.7315687733128102,"('remove', 68)"
25,46,0.7360390118473706,None
