method,classifier,n_features,n_features_total,reduction_ratio,selection_time_s,f1_macro_mean,f1_macro_std,accuracy_mean,accuracy_std,precision_macro_mean,precision_macro_std,recall_macro_mean,recall_macro_std,mcc_mean,mcc_std
contrastive_proposed,random_forest,36,68,0.4706,0.0,0.4100582251025736,0.0022658393694243604,0.39934941520467837,0.001482206687433573,0.5416314585357134,0.004613328919422151,0.3993494152046784,0.0014822066874335227,0.44138876675704636,0.001610971462997733
contrastive_proposed,decision_tree,36,68,0.4706,0.0,0.4075998466741044,0.002037316225576654,0.39646198830409357,0.0012750348602581926,0.5390595150934983,0.00436402423225842,0.3964619883040935,0.0012750348602581913,0.4379231236259728,0.0014443549159766185
contrastive_proposed,knn,36,68,0.4706,0.0,0.3438557152962094,0.0022238003073080203,0.3380409356725146,0.001740073195164683,0.48736468243598174,0.00515382320786305,0.33804093567251464,0.001740073195164687,0.3754058662769758,0.002011340090454085
kmeans_silhouette,random_forest,34,68,0.5,0.0,0.3688910844036092,0.002705815265887833,0.3646125730994152,0.001682620879108068,0.6685595012554286,0.005618682895994007,0.3646125730994152,0.0016826208791080866,0.43124125585296114,0.0014252730042686875
kmeans_silhouette,decision_tree,34,68,0.5,0.0,0.36899330258712826,0.0024459230082906785,0.3645979532163742,0.0014379604451388065,0.6655893028036898,0.006838727526998552,0.3645979532163743,0.0014379604451388336,0.43122495940818145,0.0011218407216862947
kmeans_silhouette,knn,34,68,0.5,0.0,0.33954158715099136,0.0024559586194054855,0.3361330409356725,0.0015787781477438205,0.619847354647734,0.008199952048055268,0.3361330409356725,0.00157877814774383,0.4048997612866697,0.0013297090798317294
variance,random_forest,36,68,0.4706,0.0,0.41412383306211975,0.0021772489209101343,0.40210526315789474,0.0015155749545878129,0.5448919534429577,0.004361147916518985,0.40210526315789474,0.001515574954587845,0.4447011614434249,0.0016700645744738931
variance,decision_tree,36,68,0.4706,0.0,0.4105702238032384,0.002746100380840548,0.39883771929824563,0.0019413916588709279,0.5408277283672219,0.005958159535703314,0.39883771929824563,0.001941391658870953,0.44081802061115943,0.0021318020084088304
variance,knn,36,68,0.4706,0.0,0.3630543383542303,0.0015166627076288982,0.35525584795321635,0.0010156347621613142,0.5086859200401419,0.0016290821462793218,0.35525584795321635,0.0010156347621613142,0.39618447392403733,0.0008853527043626126
laplacian_score,random_forest,36,68,0.4706,0.0,0.40088946217703664,0.002089156081118935,0.39659356725146194,0.001671788579990981,0.6326651470266083,0.007444111325924751,0.39659356725146205,0.0016717885799910014,0.43900612555394797,0.0018700508771780269
laplacian_score,decision_tree,36,68,0.4706,0.0,0.4007907255757138,0.0017660191439137721,0.396688596491228,0.0015155749545878359,0.6376720399912009,0.012458510436441934,0.39668859649122806,0.0015155749545878445,0.43916100259145485,0.001689802039655385
laplacian_score,knn,36,68,0.4706,0.0,0.35515753115688475,0.0028609123883560237,0.3602558479532164,0.0013606312870875575,0.6095135432270397,0.0051554136485607,0.36025584795321636,0.001360631287087544,0.4033164899765972,0.0014534601147048044
spec,random_forest,36,68,0.4706,0.0,0.4158259212520245,0.002326925135613756,0.40285087719298235,0.0016141569154801757,0.5526253994299265,0.005156165179907084,0.40285087719298246,0.001614156915480167,0.4455166203643504,0.0018292188516761865
spec,decision_tree,36,68,0.4706,0.0,0.4128529715525179,0.0019207893941882322,0.4002485380116959,0.0013914642174750282,0.5475988478652916,0.004066432011392246,0.40024853801169585,0.0013914642174750376,0.44242531423996406,0.0015567711397732364
spec,knn,36,68,0.4706,0.0,0.37255754126323337,0.0021722688634489822,0.36303362573099407,0.0014044983110084804,0.5263418838568604,0.0036357652771038082,0.3630336257309942,0.0014044983110084435,0.4055069081186112,0.0015048680519170723
mcfs,random_forest,36,68,0.4706,0.0,0.4162408710745649,0.0023291941565638675,0.40326023391812865,0.0016193459218872177,0.5532600477852043,0.005106588384147057,0.40326023391812865,0.0016193459218872147,0.4461601505160712,0.0017459954603551804
mcfs,decision_tree,36,68,0.4706,0.0,0.4135990230276855,0.002058816737799698,0.40032894736842106,0.001457045738866003,0.549698996902622,0.005259393103745733,0.40032894736842106,0.0014570457388659874,0.4426634873547225,0.0016339389147407854
mcfs,knn,36,68,0.4706,0.0,0.32944231700144233,0.0030963260643917102,0.320562865497076,0.0024516763597064975,0.48236136200507085,0.005409136527005816,0.32056286549707597,0.0024516763597064936,0.3545086177534674,0.0026959514897848423
udfs,random_forest,36,68,0.4706,0.0,0.4047325726893366,0.0024562968503909367,0.3991593567251462,0.0019287720858550822,0.6414888445769085,0.011205137262515576,0.3991593567251462,0.001928772085855104,0.441827997364281,0.0021181989605038227
udfs,decision_tree,36,68,0.4706,0.0,0.40417972067597885,0.002107469551417369,0.39887426900584794,0.0017189090839354801,0.6434568097857711,0.015807852859580498,0.39887426900584794,0.001718909083935501,0.44153228488602947,0.0018954566481820259
udfs,knn,36,68,0.4706,0.0,0.35952264251023414,0.003420213920120104,0.3646271929824561,0.0014935196244587237,0.6113168023863439,0.005757005888585461,0.36462719298245616,0.0014935196244587276,0.4084258319466551,0.0017421866227331196
ndfs,random_forest,36,68,0.4706,0.0,0.4024449611157778,0.0020394082995852532,0.3923684210526316,0.0014377374652012817,0.5232106916808591,0.005029179542069617,0.3923684210526316,0.0014377374652012553,0.43327580370694774,0.001587211565631281
ndfs,decision_tree,36,68,0.4706,0.0,0.4016678895338301,0.0017851679537842459,0.39169590643274854,0.0013639261785621047,0.5210415421034585,0.004316022087109633,0.39169590643274854,0.0013639261785621387,0.4324529863968585,0.0015770386534264221
ndfs,knn,36,68,0.4706,0.0,0.35870323566124873,0.0017975273489942837,0.3519005847953216,0.001371271772005569,0.503976374589121,0.0033788866378143857,0.35190058479532166,0.0013712717720055548,0.3922660026256344,0.0015581657755602747
all_features,random_forest,68,68,0.0,0.0,0.42525197168246087,0.00195641290248912,0.4090423976608187,0.0014617324337497485,0.5789377134945396,0.003758528727504799,0.4090423976608187,0.001461732433749779,0.4528259756868912,0.001550122598835975
all_features,decision_tree,68,68,0.0,0.0,0.42117748049753095,0.0018424243101355904,0.4055701754385965,0.001358272899677238,0.5723797774538489,0.00323431095791652,0.4055701754385965,0.0013582728996772377,0.4487005226401825,0.0013885661226749949
all_features,knn,68,68,0.0,0.0,0.3732563064907651,0.0018021823625393642,0.36145467836257306,0.0014759204582230712,0.5409018425124111,0.0024357754237967367,0.36145467836257306,0.0014759204582230703,0.4035814271685706,0.0016232857374048485
