method,n_features,f1_mean,f1_std,acc_mean,mcc_mean,scenario
A_all_features,71,0.934782797905916,0.00160721154465925,0.9387937893122932,0.8736280384819215,label1
B_laplacian_score,25,0.9342992095774891,0.00146976191368005,0.9387871850200851,0.8756063242749594,label1
B_mcfs,25,0.932158545319894,0.0016500137037594501,0.9363927265580922,0.8687252894921667,label1
B_ndfs,25,0.926106627644382,0.001239870990707,0.9312252653077365,0.8596284174798936,label1
B_spec,25,0.9351347860092838,0.0015667256962287501,0.9395552638261055,0.8772057562826163,label1
B_variance,25,0.9288448880466518,0.00164497500220585,0.9331883730522207,0.8615389157072755,label1
C_kmeans_sil_raw,46,0.9337707457961603,0.0014070075544451001,0.9382457923590635,0.8741914776902273,label1
D_contrastive_proposed,63,0.9358231447199612,0.00150386825664345,0.9401406752212738,0.8781709593932494,label1
all_features,71,0.934782797905916,0.00160721154465925,0.9387937893122932,0.8736280384819215,label1
all_features_71,71,0.934782797905916,0.00160721154465925,0.9387937893122932,0.8736280384819215,label1
contrastive_25_unsupervised,63,0.9358231447199612,0.00150386825664345,0.9401406752212738,0.8781709593932494,label1
contrastive_proposed,63,0.9358231447199612,0.00150386825664345,0.9401406752212738,0.8781709593932494,label1
datasense_17_supervised,17,0.9235423783212497,0.0013981309259843999,0.9282674023959391,0.851211542314605,label1
kmeans_silhouette,46,0.9337707457961603,0.0014070075544451001,0.9382457923590635,0.8741914776902273,label1
laplacian_score,25,0.9342992095774891,0.00146976191368005,0.9387871850200851,0.8756063242749594,label1
mcfs,25,0.932158545319894,0.0016500137037594501,0.9363927265580922,0.8687252894921667,label1
ndfs,25,0.926106627644382,0.001239870990707,0.9312252653077365,0.8596284174798936,label1
spec,25,0.9351347860092838,0.0015667256962287501,0.9395552638261055,0.8772057562826163,label1
udfs,25,0.9126873875466196,0.00137690632676565,0.9188436101425574,0.8332967023083508,label1
variance,25,0.9288448880466518,0.00164497500220585,0.9331883730522207,0.8615389157072755,label1
A_all_features,71,0.9036161236463436,0.0030546959865919,0.9310954184308058,0.8836768434965514,label2
B_laplacian_score,25,0.8203693200730996,0.0030440193068641003,0.9084096579376023,0.8443364066269559,label2
B_mcfs,25,0.8906303808906904,0.00259767492434085,0.9244072142332433,0.8720822755017319,label2
B_ndfs,25,0.8149080912885063,0.0032050469141656,0.905509012318491,0.8390557919315518,label2
B_spec,25,0.8645891659644143,0.0028113019484775,0.9172062261420877,0.8600414298956247,label2
B_variance,25,0.8865363635447758,0.002194225570248,0.9238658179880916,0.8710939673685525,label2
C_kmeans_sil_raw,46,0.9032995128820822,0.0027579499296294004,0.9321407938152905,0.8862233984087604,label2
D_contrastive_proposed,63,0.905722894271347,0.0028183807699326997,0.9338310017400748,0.8891480742712385,label2
all_features,71,0.9036161236463436,0.0030546959865919,0.9310954184308058,0.8836768434965514,label2
all_features_71,71,0.9036161236463436,0.0030546959865919,0.9310954184308058,0.8836768434965514,label2
contrastive_25_unsupervised,63,0.905722894271347,0.0028183807699326997,0.9338310017400748,0.8891480742712385,label2
contrastive_proposed,63,0.905722894271347,0.0028183807699326997,0.9338310017400748,0.8891480742712385,label2
datasense_17_supervised,17,0.86591444771788,0.0021988290401239,0.917919282063201,0.8608414628124876,label2
kmeans_silhouette,46,0.9032995128820822,0.0027579499296294004,0.9321407938152905,0.8862233984087604,label2
laplacian_score,25,0.8203693200730996,0.0030440193068641003,0.9084096579376023,0.8443364066269559,label2
mcfs,25,0.8906303808906904,0.00259767492434085,0.9244072142332433,0.8720822755017319,label2
ndfs,25,0.8149080912885063,0.0032050469141656,0.905509012318491,0.8390557919315518,label2
spec,25,0.8645891659644143,0.0028113019484775,0.9172062261420877,0.8600414298956247,label2
udfs,25,0.8311431141235832,0.0031225057582485,0.9071530066654423,0.8425768330597376,label2
variance,25,0.8865363635447758,0.002194225570248,0.9238658179880916,0.8710939673685525,label2
