method,classifier,n_features,n_features_total,reduction_ratio,selection_time_s,f1_macro_mean,f1_macro_std,accuracy_mean,accuracy_std,precision_macro_mean,precision_macro_std,recall_macro_mean,recall_macro_std,mcc_mean,mcc_std,k,label_col
variance_k10,random_forest,10,71,0.8592,0.0,0.884760976110267,0.0009877540886469038,0.8938206141468472,0.0008854411237873899,0.9094452395658752,0.0009257667088057605,0.8729733438014049,0.0010132994049471416,0.7815678746037799,0.0018757524517515076,10,label1
variance_k10,decision_tree,10,71,0.8592,0.0,0.8840038086948091,0.0010638859862832184,0.8931031558001692,0.0009637273821525482,0.908491806998423,0.0010571096186506965,0.8722893832935916,0.0010676149273665565,0.7799412783429949,0.0020698592102013505,10,label1
laplacian_k10,random_forest,10,71,0.8592,0.0,0.8395859470688993,0.00014757865689943149,0.847480753854237,0.00026363529511954606,0.8426786483493316,0.0005878762987485179,0.8370965873463861,0.0003354678068318658,0.6797517502010764,0.0003737716197604443,10,label1
laplacian_k10,decision_tree,10,71,0.8592,0.0,0.8395588286061351,0.000149344614066384,0.8474543443380063,0.0002615067676933003,0.842649423900335,0.0005832599310251188,0.8370709045986079,0.00033994829302849987,0.6796968727212125,0.0003724076108187979,10,label1
spec_k10,random_forest,10,71,0.8592,0.0,0.8700026170655898,0.0007664614123483244,0.8821212073684974,0.0006697855255011138,0.9079895037480593,0.0006628277625710575,0.8554482158472089,0.0007684143113644737,0.761627498713225,0.0014153235396038339,10,label1
spec_k10,decision_tree,10,71,0.8592,0.0,0.8698827991865281,0.0007935710610536517,0.8819979641541302,0.0006836244324726651,0.9077406102025541,0.0006162222324249459,0.8553590144979045,0.0008121730697499221,0.7612995555030471,0.0014084071897795315,10,label1
mcfs_k10,random_forest,10,71,0.8592,0.0,0.9334535057361852,0.001595015124254361,0.9376691832964461,0.0014587854911046623,0.9471130010196326,0.0012300460420617788,0.9248525951171322,0.001750455263649255,0.8716811591079219,0.0029818241043379347,10,label1
mcfs_k10,decision_tree,10,71,0.8592,0.0,0.930144644328931,0.0014858797971499392,0.9344384218242376,0.0013544852044116938,0.9422489251298363,0.0010912405704203718,0.922284315785696,0.0016620430430663356,0.8643024383225711,0.0027613493357962382,10,label1
kmeans_sil_k10,random_forest,10,71,0.8592,0.0,0.9305093721799359,0.0011297641942922937,0.9353231401820615,0.0010107153442814635,0.9490063357034915,0.000706989346373483,0.9199508013255965,0.0012958885000675419,0.8684708895142098,0.0019823871223485913,10,label1
kmeans_sil_k10,decision_tree,10,71,0.8592,0.0,0.9288903891893909,0.0014282370939244584,0.9337605793502343,0.0012831292284663167,0.9466456491499281,0.0009269372242703551,0.9186401522393733,0.001611960781572441,0.864832089557436,0.002547025421385646,10,label1
vicreg_k10,random_forest,10,71,0.8592,0.0,0.9094251061553585,0.0009363930695841833,0.9161278367554273,0.0008422390169658936,0.9312080188652818,0.0007939832714105523,0.8980327758748257,0.0009943801079521897,0.8285767457696585,0.001740707810129855,10,label1
vicreg_k10,decision_tree,10,71,0.8592,0.0,0.9074276925368927,0.0009628289862755313,0.9142791708130087,0.0008615769887099479,0.9291255191184467,0.0007724775825079412,0.8960998538171496,0.0010308931170705676,0.8245640896186156,0.0017665969181585954,10,label1
all_features,random_forest,71,71,0.0,0.0,0.9364361984959656,0.0015460981137823367,0.9403981671569257,0.0014254949580754638,0.9493767472431948,0.0013031409492537927,0.9281320167416451,0.001656213722556483,0.8772513845168965,0.002948432061224476,10,label1
all_features,decision_tree,71,71,0.0,0.0,0.9331293973158665,0.0016683249755362678,0.9371894114676607,0.0015492881260529639,0.9447411897807674,0.0015358244044696473,0.9254769270482978,0.001739709824514869,0.8700046924469464,0.003247496807705465,10,label1
variance_k10,random_forest,10,71,0.8592,0.0,0.735165324597505,0.003612051425341567,0.8611344568904584,0.0010494291149375258,0.8226931109333112,0.006376257575755173,0.6825585243482647,0.002931627491106289,0.760596957168078,0.001843202252562324,10,label2
variance_k10,decision_tree,10,71,0.8592,0.0,0.7289285848280962,0.0025748217454218767,0.858717989206695,0.0008417251331532663,0.812379255785687,0.004444052277267291,0.6771073668812435,0.0024819892367033084,0.7562063432830242,0.0014647742837811835,10,label2
laplacian_k10,random_forest,10,71,0.8592,0.0,0.33939396396330535,0.0018654585178314248,0.7430531918178176,0.0014611701950170237,0.5574364846491623,0.02860631969097837,0.3322971472980617,0.0023964123443549414,0.525857421186922,0.0031769447707622397,10,label2
laplacian_k10,decision_tree,10,71,0.8592,0.0,0.3391430058279676,0.0019383136883377018,0.7429871679788065,0.0014950694565171495,0.5578936930927489,0.02831589854725502,0.3320515425976999,0.0024557371698859,0.5257092343097044,0.0032511601455177193,10,label2
spec_k10,random_forest,10,71,0.8592,0.0,0.614956203067291,0.004033317594429302,0.8247245597828957,0.0016484756039238798,0.7244944171917294,0.00975996246944454,0.5590836942286723,0.003453877300748166,0.6922701310052827,0.0030314869965833843,10,label2
spec_k10,decision_tree,10,71,0.8592,0.0,0.6124865901565029,0.0036530390586222046,0.8234965196514391,0.0015269463198018692,0.7213828212361113,0.008357228332386297,0.5566340208182016,0.0031153020190355257,0.6899560598361794,0.0028037197450271967,10,label2
mcfs_k10,random_forest,10,71,0.8592,0.0,0.87983129322453,0.002656912649302493,0.9176948012236735,0.0013303431895948336,0.9318432971253326,0.002037458016939496,0.8383354698197385,0.0034682877023292902,0.8604706552118031,0.0022819209608654807,10,label2
mcfs_k10,decision_tree,10,71,0.8592,0.0,0.8560276004482464,0.0037531839558964516,0.9058589403216993,0.0013858314765204567,0.900216760450378,0.00352041114282901,0.8194362929529447,0.004105996301479863,0.8398687466905249,0.0023916127607923137,10,label2
kmeans_sil_k10,random_forest,10,71,0.8592,0.0,0.8781426534217947,0.001679989635853821,0.9231659659048439,0.0010573908901072597,0.9483205729916564,0.0014367511040060755,0.8254332950654136,0.001978298831513838,0.8705706596842816,0.0017793604185769125,10,label2
kmeans_sil_k10,decision_tree,10,71,0.8592,0.0,0.8695680639187799,0.0023584380683696073,0.9189932691211654,0.0005683206098614907,0.9275951383300558,0.002204119761069799,0.8238589344988455,0.002624478288994553,0.863151350899666,0.0009248095607949787,10,label2
vicreg_k10,random_forest,10,71,0.8592,0.0,0.8059207184543009,0.002554390691964571,0.8926674001869527,0.0006372922087805123,0.8836764204473161,0.0011572833798123422,0.7499933398631654,0.0034041454500467055,0.8166579785266256,0.0010846969792284928,10,label2
vicreg_k10,decision_tree,10,71,0.8592,0.0,0.7947869637676077,0.0018667520408782322,0.8876363896213938,0.0012494413487367539,0.8590413375068403,0.0015701210541854737,0.745351854031759,0.0028256803821874806,0.807613214239175,0.002219663592141267,10,label2
all_features,random_forest,71,71,0.0,0.0,0.91070707380655,0.002773613372977732,0.934359191919388,0.0012561187566144697,0.9606623916309367,0.0013967535135484682,0.8699336588941659,0.003951499099674364,0.8893855433604136,0.0021664254813431954,10,label2
all_features,decision_tree,71,71,0.0,0.0,0.896525173486137,0.0033357786002061064,0.9278316449422235,0.001056645324602401,0.9402740068847825,0.003476328341921515,0.8601819904972281,0.003587075250335475,0.8779681436326893,0.0018141179821230997,10,label2
variance_k15,random_forest,15,71,0.7887,0.0,0.9254028378717993,0.0007272957660503194,0.9305782344364889,0.0006429452364864392,0.9437986890487331,0.00044417198699570585,0.9149542452408216,0.0008623164933613421,0.8582681302553432,0.001242015284918234,15,label1
variance_k15,decision_tree,15,71,0.7887,0.0,0.924432549375504,0.0008436453867314859,0.9296406968524668,0.0007643341715590552,0.9423990490030241,0.0007241641172718177,0.9141607229402201,0.0009247323751240529,0.8560939698083416,0.001566508619615742,15,label1
laplacian_k15,random_forest,15,71,0.7887,0.0,0.8694058396759307,0.0008298738954376877,0.8787716003125017,0.0007794647257635492,0.887468973016094,0.001047453713232815,0.8599515638205458,0.0008152529105081764,0.7469134756428994,0.0017200154583807733,15,label1
laplacian_k15,decision_tree,15,71,0.7887,0.0,0.8693598476483668,0.0008959085926968047,0.878736387495036,0.0008326544568467477,0.8874665519553236,0.0010833837938400337,0.859892298832925,0.0008970288968207086,0.7468496004591885,0.0018237943957860683,15,label1
spec_k15,random_forest,15,71,0.7887,0.0,0.9081753804915109,0.0012677516239423803,0.9147941549749176,0.0011436494815799398,0.9282061104012552,0.0011186835758955095,0.8974000873159763,0.0013514421457906064,0.8250308906968744,0.0023757240204168905,15,label1
spec_k15,decision_tree,15,71,0.7887,0.0,0.9068736410443317,0.0010548534093427597,0.9135088935307376,0.0009441170798302024,0.9261325794839046,0.0008498902858191343,0.8963891309261098,0.0011486828900515173,0.8219834879007584,0.0019344818169896743,15,label1
mcfs_k15,random_forest,15,71,0.7887,0.0,0.933491465709622,0.0017472317867993326,0.9377176016954081,0.001602448744128148,0.9473049359517166,0.0013918202051447128,0.9248214911947009,0.0018908458867418782,0.8718363571748734,0.003292566825284917,15,label1
mcfs_k15,decision_tree,15,71,0.7887,0.0,0.9301681849607885,0.0015905769373981517,0.9344604301257589,0.001464499698685102,0.9422738379154169,0.0013332248880948438,0.9223063435627141,0.0017067469541457807,0.864349409318846,0.00303444163863812,15,label1
kmeans_sil_k15,random_forest,15,71,0.7887,0.0,0.9297540790683596,0.0010979987196980076,0.9346188869325385,0.0009775870325060855,0.9482058664776657,0.0006150489875223528,0.9192233857426968,0.0012761211914092195,0.8669445904627553,0.0018946884447550764,15,label1
kmeans_sil_k15,decision_tree,15,71,0.7887,0.0,0.9292046281806957,0.0011980554296489984,0.934055483790457,0.0010745975398416018,0.9470011884888357,0.0007897732650530485,0.91893382420003,0.0013630762599698702,0.8654796724135967,0.0021279340221884114,15,label1
vicreg_k15,random_forest,15,71,0.7887,0.0,0.9228339746982378,0.0011495789971113371,0.928513891343251,0.0010422645086877742,0.9448803463937114,0.0009559966869150734,0.9111139257103579,0.0012070893591493075,0.8553278971443179,0.0021519081951769624,15,label1
vicreg_k15,decision_tree,15,71,0.7887,0.0,0.9219702257725736,0.0009141349779933468,0.9277172058040382,0.0008217647101104674,0.944018101179059,0.000673392312215507,0.9102647200509569,0.0009860474064804475,0.853615643262587,0.0016614579733972624,15,label1
all_features,random_forest,71,71,0.0,0.0,0.9364361984959656,0.0015460981137823367,0.9403981671569257,0.0014254949580754638,0.9493767472431948,0.0013031409492537927,0.9281320167416451,0.001656213722556483,0.8772513845168965,0.002948432061224476,15,label1
all_features,decision_tree,71,71,0.0,0.0,0.9331293973158665,0.0016683249755362678,0.9371894114676607,0.0015492881260529639,0.9447411897807674,0.0015358244044696473,0.9254769270482978,0.001739709824514869,0.8700046924469464,0.003247496807705465,15,label1
variance_k15,random_forest,15,71,0.7887,0.0,0.8731223298703267,0.0011604445738517012,0.917752020502161,0.0008059895111844656,0.9404680675390507,0.0012420759527069828,0.8231556409519086,0.0015976509493061712,0.8610477806888298,0.0013679542414259714,15,label2
variance_k15,decision_tree,15,71,0.7887,0.0,0.8649080581579849,0.002439919387230589,0.9140634942433994,0.0008748043240841855,0.920258682687605,0.001838739757465595,0.8218051201073712,0.0030096051765618487,0.854508925294958,0.0014992989981186492,15,label2
laplacian_k15,random_forest,15,71,0.7887,0.0,0.6614148668194102,0.004342520558862876,0.831225709449245,0.001384875495474054,0.80856426935907,0.004060720679203708,0.5918448660143623,0.003987564456121537,0.7045548305467021,0.0025996490019735926,15,label2
laplacian_k15,decision_tree,15,71,0.7887,0.0,0.6594066702884117,0.0038671322573970717,0.8297995975101499,0.0014084311620446474,0.8026843888598372,0.005323799092942842,0.590036481967293,0.0035505032067236213,0.7018440583645156,0.002633457975293276,15,label2
spec_k15,random_forest,15,71,0.7887,0.0,0.7453124933946769,0.0021759286890252385,0.8784238758711336,0.000942503145916867,0.8184696130642409,0.0028201634370470957,0.6979130290559755,0.0025727030135814146,0.7916610489041417,0.0016677983434940963,15,label2
spec_k15,decision_tree,15,71,0.7887,0.0,0.7388638677957722,0.002502446967699911,0.874576895227302,0.0005337342503328662,0.8064725295093579,0.0013416117429553864,0.6932082508772818,0.0035920510096446347,0.7848741232018901,0.0009914051349120554,15,label2
mcfs_k15,random_forest,15,71,0.7887,0.0,0.8963677995092073,0.0025164678459811624,0.9266696270030156,0.0007986866551961019,0.9487982808293098,0.0017634795093199045,0.8537325595192152,0.003379040296461288,0.8760444468692354,0.001366818576763184,15,label2
mcfs_k15,decision_tree,15,71,0.7887,0.0,0.8727381342491031,0.004525850849000748,0.9167880707864619,0.0013656489842637813,0.9155820153318797,0.0030501149305216333,0.8370119443916273,0.00584559307347357,0.8588279923967322,0.0023615288563169448,15,label2
kmeans_sil_k15,random_forest,15,71,0.7887,0.0,0.8766180648730073,0.002648997480163695,0.9240198743066743,0.0009518168720606431,0.9500439804316028,0.001624908083677127,0.8226858604676901,0.0031892412411115728,0.8721116141112809,0.0015976375496458517,15,label2
kmeans_sil_k15,decision_tree,15,71,0.7887,0.0,0.8720778729506353,0.002473886347525211,0.9205294182087892,0.0009429480095031426,0.9304130065199072,0.003753817302378156,0.8262587063268434,0.002485843864636121,0.8658657891579461,0.0016043096680194455,15,label2
vicreg_k15,random_forest,15,71,0.7887,0.0,0.8510450132403197,0.0017101629470278182,0.9083986610035361,0.0010963962168428969,0.9203937213020168,0.002747509186704875,0.7974399026354118,0.001211444604975456,0.8445770226430651,0.0019033389397622791,15,label2
vicreg_k15,decision_tree,15,71,0.7887,0.0,0.842095640786155,0.0016783112911295899,0.9056388650559585,0.001024372183818134,0.9098152902644812,0.0021816801913265276,0.7894902196609617,0.0016257382883679426,0.8396264213837679,0.0017652438368981006,15,label2
all_features,random_forest,71,71,0.0,0.0,0.91070707380655,0.002773613372977732,0.934359191919388,0.0012561187566144697,0.9606623916309367,0.0013967535135484682,0.8699336588941659,0.003951499099674364,0.8893855433604136,0.0021664254813431954,15,label2
all_features,decision_tree,71,71,0.0,0.0,0.896525173486137,0.0033357786002061064,0.9278316449422235,0.001056645324602401,0.9402740068847825,0.003476328341921515,0.8601819904972281,0.003587075250335475,0.8779681436326893,0.0018141179821230997,15,label2
variance_k20,random_forest,20,71,0.7183,0.0,0.9356142235070914,0.0014733316450296094,0.9400020241228588,0.0013331676692577472,0.9533234472216707,0.0010010607389934912,0.9252922419661331,0.0016465728362524707,0.8781680897078866,0.0026592481289318473,20,label1
variance_k20,decision_tree,20,71,0.7183,0.0,0.9345190988124072,0.0013994474224684394,0.9389808575503815,0.001264231568829062,0.9521803450640334,0.0009278700591433827,0.9242303638652795,0.0015727484406258775,0.8759645902231359,0.002513989835845297,20,label1
laplacian_k20,random_forest,20,71,0.7183,0.0,0.9038990845221087,0.0012372711099511242,0.9109999894888124,0.0010931157808890867,0.9253212807988694,0.0008935540178329721,0.892727607862206,0.0013646713179282287,0.8173989059433566,0.0022003703056115037,20,label1
laplacian_k20,decision_tree,20,71,0.7183,0.0,0.9031520733529144,0.0011671415968186347,0.9102033032715209,0.0010180677527381974,0.9235915420371843,0.0007914852901107626,0.8923231451747021,0.0013379854240975933,0.8153147173677111,0.0020122026286990865,20,label1
spec_k20,random_forest,20,71,0.7183,0.0,0.9327346530401425,0.001687637585557287,0.9373566733193058,0.0015325977585950463,0.9508253194387546,0.001259184417291038,0.9223018222680274,0.0018410634443307937,0.8726607805387585,0.0031029163068017553,20,label1
spec_k20,decision_tree,20,71,0.7183,0.0,0.9319187758025647,0.0015328143344001037,0.9365731898743279,0.0013887176075489257,0.949680070915489,0.0010970846994396077,0.9216249633385786,0.0016854121864597355,0.8708529648897493,0.002798022663500504,20,label1
mcfs_k20,random_forest,20,71,0.7183,0.0,0.9335832845969543,0.0016777408214882165,0.937805633448467,0.0015366528111019986,0.947424255723155,0.0013101574262437306,0.924900219841747,0.001826281533934258,0.8720334209265305,0.0031482916508373975,20,label1
mcfs_k20,decision_tree,20,71,0.7183,0.0,0.9303284397936753,0.0015823526317782569,0.9346188880949589,0.0014515931012734694,0.9425256130972224,0.0012703095838210987,0.9224229126530201,0.0017269637265481532,0.8647146586655502,0.0029892127494513007,20,label1
kmeans_sil_k20,random_forest,20,71,0.7183,0.0,0.9306638478292862,0.00120280258896252,0.9354551887318993,0.0010733983631474832,0.9490179240719258,0.0006812629192388761,0.9201580292057476,0.0013921428520827874,0.8686963140624926,0.0020862466316588757,20,label1
kmeans_sil_k20,decision_tree,20,71,0.7183,0.0,0.9295296472428506,0.001083604017271206,0.9343547926420458,0.0009590346153061877,0.947296354416672,0.0005672067034909487,0.9192668080325669,0.0012991122256285049,0.8661092372460184,0.001831680293472606,20,label1
vicreg_k20,random_forest,20,71,0.7183,0.0,0.9355814676633164,0.0015127085209944982,0.9399580086822372,0.0013667335140666763,0.9531076043389625,0.0009903506266504864,0.9253326310090685,0.0017028052550094623,0.8780006508126057,0.0027134712245270353,20,label1
vicreg_k20,decision_tree,20,71,0.7183,0.0,0.9344911140942195,0.0014634444895538366,0.938941242646391,0.0013199664001548835,0.9519721055492647,0.0009417066844764775,0.9242744075730076,0.0016565630310921436,0.8758082632383763,0.0026142181117734726,20,label1
all_features,random_forest,71,71,0.0,0.0,0.9364361984959656,0.0015460981137823367,0.9403981671569257,0.0014254949580754638,0.9493767472431948,0.0013031409492537927,0.9281320167416451,0.001656213722556483,0.8772513845168965,0.002948432061224476,20,label1
all_features,decision_tree,71,71,0.0,0.0,0.9331293973158665,0.0016683249755362678,0.9371894114676607,0.0015492881260529639,0.9447411897807674,0.0015358244044696473,0.9254769270482978,0.001739709824514869,0.8700046924469464,0.003247496807705465,20,label1
variance_k20,random_forest,20,71,0.7183,0.0,0.890409863133103,0.0022462407690315932,0.9274355020050248,0.0011167596623698622,0.9485107799724786,0.0016642617483568758,0.8443664801216763,0.0026873915783562465,0.8779714766216532,0.0018933696152243348,20,label2
variance_k20,decision_tree,20,71,0.7183,0.0,0.8802463333295556,0.002222381448836785,0.9239186353253566,0.0009923136405163503,0.9380774593550243,0.0020764482438133257,0.8346086688874703,0.0025082155571386185,0.8717547126993713,0.001662694380856327,20,label2
laplacian_k20,random_forest,20,71,0.7183,0.0,0.7642534996839483,0.0035830786919650603,0.8742687791997431,0.0011602247478240595,0.8224949422762311,0.00434995327031198,0.720242061979911,0.0036282471736253964,0.7842357394524188,0.002022090520380397,20,label2
laplacian_k20,decision_tree,20,71,0.7183,0.0,0.7566069849341905,0.004242149497161124,0.8710204123843542,0.0009392264938193805,0.8145321176321169,0.005233335670204899,0.7121265628756561,0.003981292143079822,0.7783547577808374,0.0016604697647604506,20,label2
spec_k20,random_forest,20,71,0.7183,0.0,0.8093226594865441,0.0037318553676600123,0.9055288253888522,0.0011048185748717913,0.8758544274194675,0.004219315302344258,0.7615661618633026,0.003733053902884418,0.8394847566363793,0.0019334405567851731,20,label2
spec_k20,decision_tree,20,71,0.7183,0.0,0.7934087679977241,0.0038544640455377512,0.9005946534617166,0.0010633109707953526,0.8504167019095229,0.004981237436491412,0.7506264167491585,0.0035146892138660647,0.8307764655910386,0.0018525805734535743,20,label2
mcfs_k20,random_forest,20,71,0.7183,0.0,0.8988501917653918,0.002568415845428532,0.9275191318652952,0.0009143861067916976,0.9519101657089422,0.0011408902949108183,0.8558150806406759,0.0035051649487008053,0.8775196436680833,0.0015693330288065806,20,label2
mcfs_k20,decision_tree,20,71,0.7183,0.0,0.878283746398943,0.003328005988615951,0.9188392088794135,0.0009471219675453112,0.921202321835749,0.0026434977322609197,0.8424797538615312,0.0045883594511048325,0.8623826123131823,0.0016510366619762612,20,label2
kmeans_sil_k20,random_forest,20,71,0.7183,0.0,0.8828033525088491,0.002046319676035855,0.9256968779576852,0.0010906213556753702,0.9525215664709602,0.0028203108234129363,0.8301338175041544,0.0023539888540967373,0.8750575713184405,0.0018451988839239782,20,label2
kmeans_sil_k20,decision_tree,20,71,0.7183,0.0,0.8764107615855128,0.002360092602549258,0.9223340669669554,0.0010414652766769597,0.9355184512451228,0.0023722299368870063,0.8300407794088243,0.0034040269258373756,0.8690160970114658,0.0017640876016793402,20,label2
vicreg_k20,random_forest,20,71,0.7183,0.0,0.887253206988712,0.001615237363825192,0.9282365926336824,0.0009764532570440754,0.9458870360243867,0.0018365061465218453,0.8409545765423303,0.001817117599102432,0.8793392932905357,0.0016499848960220295,20,label2
vicreg_k20,decision_tree,20,71,0.7183,0.0,0.8774753097512396,0.0018460755230357065,0.9248209611574654,0.001003277010006714,0.9346772436446891,0.0026938838116107745,0.8322442590438163,0.0012631186148773798,0.8732989331192877,0.0017068153113059513,20,label2
all_features,random_forest,71,71,0.0,0.0,0.91070707380655,0.002773613372977732,0.934359191919388,0.0012561187566144697,0.9606623916309367,0.0013967535135484682,0.8699336588941659,0.003951499099674364,0.8893855433604136,0.0021664254813431954,20,label2
all_features,decision_tree,71,71,0.0,0.0,0.896525173486137,0.0033357786002061064,0.9278316449422235,0.001056645324602401,0.9402740068847825,0.003476328341921515,0.8601819904972281,0.003587075250335475,0.8779681436326893,0.0018141179821230997,20,label2
variance_k25,random_forest,25,71,0.6479,0.0,0.9295905269233173,0.0015506297691611742,0.9338926263501779,0.0014175192425724787,0.9414040978903311,0.001219521726168274,0.9218723843205192,0.001724417752136253,0.8630551438174623,0.0029067966235748707,25,label1
variance_k25,decision_tree,25,71,0.6479,0.0,0.9280992491699864,0.001739320235250674,0.9324841197542634,0.0016051951613333026,0.9397889863514639,0.0015210051779387184,0.9204513398665641,0.0018549186591323528,0.8600226875970887,0.0033421469479588896,25,label1
laplacian_k25,random_forest,25,71,0.6479,0.0,0.9345379861032811,0.0014755861872597536,0.939020469838926,0.001329662766635335,0.9524889483656374,0.0009434440954497326,0.9241356491158242,0.0016693867822139387,0.8761655505043185,0.0026286983373386597,25,label1
laplacian_k25,decision_tree,25,71,0.6479,0.0,0.9340604330516971,0.001463937640100484,0.9385539002012442,0.0013253402042162975,0.9517110316166237,0.0010346725777882224,0.9237819979122561,0.0016272254806609916,0.8750470980456004,0.002657542397517578,25,label1
spec_k25,random_forest,25,71,0.6479,0.0,0.935291370583984,0.0015538858589117753,0.9397115195411885,0.0014120876525344204,0.953127634896123,0.0011525072775322488,0.9249234080812696,0.0017024629154616458,0.8775976437243372,0.002853160650472428,25,label1
spec_k25,decision_tree,25,71,0.6479,0.0,0.9349782014345835,0.001579565533545819,0.9393990081110226,0.0014351150987295866,0.9525270206638033,0.0011519109414868803,0.9247277103593928,0.0017329246591400716,0.8768138688408953,0.002896346868172051,25,label1
mcfs_k25,random_forest,25,71,0.6479,0.0,0.933852863552527,0.001599503897043463,0.938047720406122,0.0014708193995006734,0.9475792404688722,0.0013222330311768622,0.9252175902785975,0.001712906788726446,0.8725101679033134,0.0030374941561513947,25,label1
mcfs_k25,decision_tree,25,71,0.6479,0.0,0.9304642270872607,0.0017005235104755065,0.9347377327100623,0.0015733439097866053,0.9425726411294783,0.0015156989176329204,0.9225985374498886,0.0017881274059201528,0.86494041108102,0.0032857146968845335,25,label1
kmeans_sil_k25,random_forest,25,71,0.6479,0.0,0.9338578147523438,0.001329631869844664,0.9383998473214887,0.0011878454477609378,0.9519544649062557,0.000727242458834778,0.9234082490508417,0.0015519520570064227,0.874896643491941,0.002296523999230717,25,label1
kmeans_sil_k25,decision_tree,25,71,0.6479,0.0,0.9325129325956063,0.0013624900420055527,0.9371277912650686,0.0012216588067220377,0.9503096994565601,0.0008114019246024792,0.9221980889776354,0.0015653988094577558,0.8720543790790034,0.0023922506175749975,25,label1
vicreg_k25,random_forest,25,71,0.6479,0.0,0.9359815470338833,0.0014517898445506362,0.9403497496297788,0.0013129533602095518,0.953777602028348,0.0009673427410204528,0.9256203917268216,0.0016252993415222844,0.8789467795811154,0.0026125993847749556,25,label1
vicreg_k25,decision_tree,25,71,0.6479,0.0,0.9348656749987585,0.0014461141026485618,0.9393065753369909,0.0013063910310997153,0.9525752777027157,0.0009532497988750649,0.9245533741564094,0.0016234928685882448,0.8766805930668682,0.0025962923668633184,25,label1
all_features,random_forest,71,71,0.0,0.0,0.9364361984959656,0.0015460981137823367,0.9403981671569257,0.0014254949580754638,0.9493767472431948,0.0013031409492537927,0.9281320167416451,0.001656213722556483,0.8772513845168965,0.002948432061224476,25,label1
all_features,decision_tree,71,71,0.0,0.0,0.9331293973158665,0.0016683249755362678,0.9371894114676607,0.0015492881260529639,0.9447411897807674,0.0015358244044696473,0.9254769270482978,0.001739709824514869,0.8700046924469464,0.003247496807705465,25,label1
variance_k25,random_forest,25,71,0.6479,0.0,0.8935299150564013,0.002482071203473145,0.9260401997313179,0.0012763019837595463,0.9376281433818295,0.002778473564561193,0.856652501747698,0.002517244186742329,0.8748649038198406,0.002205755932539836,25,label2
variance_k25,decision_tree,25,71,0.6479,0.0,0.8795428120331504,0.0019063799370229277,0.9216914362448654,0.001096042366216906,0.9217714507856793,0.0010897215569210313,0.8442376664331824,0.002505670052049186,0.8673230309172645,0.0018900720607409255,25,label2
laplacian_k25,random_forest,25,71,0.6479,0.0,0.8269941567407632,0.0033465059098888882,0.9106170524237154,0.0009951490291751392,0.8853361795347265,0.0038808907822231956,0.782588967345357,0.0036849079770010533,0.8482407178892697,0.0016993424674547326,25,label2
laplacian_k25,decision_tree,25,71,0.6479,0.0,0.813744483405436,0.002741532703839458,0.9062022634514892,0.0010179557481398308,0.8645352553331589,0.0031437504833679904,0.7729086808557233,0.0026890455749664726,0.8404320953646419,0.0017461142828802997,25,label2
spec_k25,random_forest,25,71,0.6479,0.0,0.8680060646329635,0.0030451294808853837,0.9186675516251611,0.0011121015207719274,0.9331885729833903,0.0022063809062229617,0.8188100840303429,0.0035874132116451604,0.86263135839612,0.0019258978636778577,25,label2
spec_k25,decision_tree,25,71,0.6479,0.0,0.8611722672958649,0.002577474416069721,0.9157449006590141,0.0011014251299456288,0.9250529636098423,0.0018567072881785051,0.8128318706460547,0.003445820946483758,0.8574515013951295,0.0019240566041611282,25,label2
mcfs_k25,random_forest,25,71,0.6479,0.0,0.9000900877590811,0.0026079822651197807,0.9284082530845911,0.0010377750068136684,0.9526632386696763,0.002142905400058123,0.8573932759727774,0.0033614240401486557,0.8790686887715025,0.0017802509599997443,25,label2
mcfs_k25,decision_tree,25,71,0.6479,0.0,0.8811706740222995,0.002587367583562063,0.9204061753818955,0.00109109871786657,0.9251181115238772,0.0017214880483290033,0.844599349019661,0.003775014655178056,0.8650958622319613,0.0018992691378189237,25,label2
kmeans_sil_k25,random_forest,25,71,0.6479,0.0,0.8997625573060499,0.0021360912736448395,0.9293457899905346,0.0012397048869218807,0.9632007522377645,0.0008618587950603635,0.8501882680452933,0.003091805111937366,0.881423506424394,0.002099005461555282,25,label2
kmeans_sil_k25,decision_tree,25,71,0.6479,0.0,0.8893219636950878,0.002764115701635313,0.9253623565792359,0.0009363559848634322,0.9485924045432339,0.0027541634497860695,0.842502955471042,0.0037270992731534207,0.8743135150600413,0.0015770755457970738,25,label2
vicreg_k25,random_forest,25,71,0.6479,0.0,0.9003024038385818,0.0029041543998213344,0.9335889160901427,0.0011413896292694636,0.9593849794429768,0.003044704846571122,0.8532415969268239,0.0032323020475397567,0.8887728034539396,0.0019312689091952225,25,label2
vicreg_k25,decision_tree,25,71,0.6479,0.0,0.890362215293187,0.0035616188045688195,0.9297111193876099,0.0013505661668385938,0.9468786811007028,0.0021694157753328162,0.8452065506583804,0.004557665262674275,0.8819188097006003,0.002302658757943177,25,label2
all_features,random_forest,71,71,0.0,0.0,0.91070707380655,0.002773613372977732,0.934359191919388,0.0012561187566144697,0.9606623916309367,0.0013967535135484682,0.8699336588941659,0.003951499099674364,0.8893855433604136,0.0021664254813431954,25,label2
all_features,decision_tree,71,71,0.0,0.0,0.896525173486137,0.0033357786002061064,0.9278316449422235,0.001056645324602401,0.9402740068847825,0.003476328341921515,0.8601819904972281,0.003587075250335475,0.8779681436326893,0.0018141179821230997,25,label2
