same_seed,same_k,k_a,k_b,ari,ami
True,False,14,13,0.9645852321496405,0.9386543822052321
True,True,14,14,0.9854685519181271,0.9620448180480204
True,True,14,14,0.9616785203538222,0.9433060333527832
True,True,14,14,0.5798976352432732,0.7964793892544847
True,False,14,13,0.9865315168355597,0.9689050182084349
True,False,14,13,0.9756504039028647,0.9646925715546709
True,True,14,14,0.9544913999913698,0.9449613610198584
True,True,14,14,0.9521000459248938,0.9436795444372728
True,True,14,14,0.9160058052959021,0.9261497692340733
True,False,13,14,0.9755892626664087,0.9559408646612526
True,False,13,14,0.9560166152001006,0.9479193840419355
True,False,13,14,0.5708858829819573,0.7939854128566196
True,True,13,13,0.9750222819781748,0.9522291519361682
True,True,13,13,0.9473100394160446,0.9321520689565467
True,False,13,14,0.9278102244087333,0.925359977481179
True,False,13,14,0.9254020706167047,0.925329325353196
True,False,13,14,0.9094003488508178,0.9346457896359351
True,True,14,14,0.9731520766575241,0.959857631207666
True,True,14,14,0.5866343651509578,0.8088370828992077
True,False,14,13,0.9952604756051587,0.9756621298796319
True,False,14,13,0.9677729234102433,0.9553076806540661
True,True,14,14,0.9467907660588643,0.9401169749195524
True,True,14,14,0.9452567017075093,0.9442754877325371
True,True,14,14,0.9275031910504797,0.9442354304375081
True,True,14,14,0.5934530001878684,0.8203515597336178
True,False,14,13,0.972957586667579,0.9571731977493396
True,False,14,13,0.9447928686986361,0.9355026153953652
True,True,14,14,0.9629547405542672,0.9550990485663761
True,True,14,14,0.9626309172270038,0.9602041772142951
True,True,14,14,0.9065728652742444,0.9368892354727351
True,False,14,13,0.5869992744617808,0.8123030797143067
True,False,14,13,0.5690487674757866,0.7824972231670431
True,True,14,14,0.5767456178220094,0.7948617459283408
True,True,14,14,0.5770054368427474,0.7988653832157098
True,True,14,14,0.5320210912255421,0.7888501726351107
True,True,13,13,0.9683355721506138,0.9619066366953009
True,False,13,14,0.9477540776194411,0.941802584293306
True,False,13,14,0.9457011970004808,0.9422327219478978
True,False,13,14,0.9269154583013317,0.9398719939909167
True,False,13,14,0.976159572338768,0.9602862154369701
True,False,13,14,0.9738824690740181,0.9597288959107642
True,False,13,14,0.8994063487624946,0.9220779404738317
True,True,14,14,0.9930024380239334,0.979504235180181
True,True,14,14,0.877903844738056,0.914887397830331
True,True,14,14,0.8788761955379341,0.919287786062874
