protocol,seed,fold,k,silhouette,ari_resample,ami_resample,ari_resample_min,min_cluster_share,max_cluster_share,ins_acc,ins_bacc,ins_f1,hoi_acc,hoi_bacc,hoi_f1,hot_acc,hot_bacc,hot_f1
sample_k10,42,0,8,0.9957382678985596,0.9465255474730372,0.9324609593455382,0.8825277568056872,5e-05,0.9645,1.0,1.0,1.0,0.9997881243709942,0.9999571390302705,0.9906762416371654,0.9996316388721452,0.9880456469740323,0.9904699012614065
sample_k10,42,1,8,0.9981808066368103,0.9473067946681756,0.9363499029812173,0.8682803027632284,5e-05,0.9663,1.0,1.0,1.0,0.9997354917208908,0.9999331586546174,0.9852606925060048,0.9996651262474048,0.8809127094325649,0.9098551662058735
sample_k10,42,2,2,0.9989033341407776,1.0,1.0,1.0,0.00045,0.99955,1.0,1.0,1.0,0.9999428375443009,0.9999714138699902,0.9285571350978286,0.9999665126247405,0.999983251825551,0.9705798610666401
sample_k10,42,3,9,0.9940026998519897,0.9952823645061107,0.9717378724621918,0.9908682676801644,5e-05,0.9649,1.0,1.0,1.0,0.9990504826713088,0.9991244292178023,0.9766018397797208,0.999363739870069,0.997173698706641,0.983445417945162
sample_k10,42,4,11,0.964764416217804,0.9952544644277028,0.9740985280691064,0.9900246024518884,5e-05,0.93015,1.0,1.0,1.0,0.9975769976308422,0.8972740922364869,0.8334786746649275,0.9971870604781997,0.9540699619717687,0.9320239024930655
sample_k10,42,5,9,0.99717777967453,0.9536485721957163,0.90881614922935,0.9045875041072385,0.0001,0.9952,1.0,1.0,1.0,0.9996388401609742,0.827754807885564,0.7264435403216609,0.9992297903690309,0.7991217055702439,0.7726028318576706
sample_k10,42,6,8,0.998971164226532,0.9999745297815522,0.9921970268922028,0.9999568650322235,5e-05,0.9866,1.0,1.0,1.0,0.9999478868101517,0.9962121212121212,0.9425287356321839,1.0,1.0,1.0
sample_k10,42,7,2,-1.0,0.6,0.6,0.0,0.00025,0.99975,1.0,1.0,1.0,1.0,1.0,1.0,0.9999665115032986,0.9705882352941176,0.9848401080956493
sample_k10,42,8,13,0.9979841113090515,0.5889636542719695,0.603686524874625,0.04158910109277332,5e-05,0.9952,1.0,1.0,1.0,0.9983632550764667,0.6109517304189436,0.45204324316223743,0.998158132681424,0.7284399421634539,0.6845741843794924
sample_k10,42,9,9,0.9976564645767212,0.8001699780258205,0.8078271998928109,0.6628880036992589,5e-05,0.99375,1.0,1.0,1.0,0.9995351239669421,0.9285122744750074,0.8843790189774464,0.9992632530725696,0.8983114841253277,0.904912333327531
