seed,method,task,clf,f1_mean,f1_std,n_folds,nf_mean
42,all_features,binary,dt,0.9335326069658697,0.0014365140722552678,10,71.0
42,all_features,binary,rf,0.9364182545047436,0.001381560201845911,10,71.0
42,all_features,multiclass,dt,0.8979011310351733,0.0036671186751647605,10,71.0
42,all_features,multiclass,rf,0.9109777849154558,0.0029321319060178794,10,71.0
42,proposed,binary,dt,0.9334243770769577,0.0024237650992933613,10,59.2
42,proposed,binary,rf,0.9355208782041432,0.0016784475828216098,10,59.2
42,proposed,multiclass,dt,0.8975399303936834,0.004337827212538997,10,59.2
42,proposed,multiclass,rf,0.9082779536679428,0.005030073549336212,10,59.2
43,all_features,binary,dt,0.9334139641304844,0.0016983377465156757,10,71.0
43,all_features,binary,rf,0.9367535232405612,0.0018190431842579173,10,71.0
43,all_features,multiclass,dt,0.8969499376850255,0.0036613931239683544,10,71.0
43,all_features,multiclass,rf,0.9108841467506344,0.00241905992379243,10,71.0
43,proposed,binary,dt,0.932248581293486,0.0037527989791939667,10,51.8
43,proposed,binary,rf,0.9336352756955648,0.0033077076541729727,10,51.8
43,proposed,multiclass,dt,0.8911712429815098,0.016907535930306094,10,51.8
43,proposed,multiclass,rf,0.8998335995249802,0.014798396855780879,10,51.8
44,all_features,binary,dt,0.9331154691213748,0.0020598693723498296,10,71.0
44,all_features,binary,rf,0.936628317993183,0.0017917838506027618,10,71.0
44,all_features,multiclass,dt,0.8972373212582264,0.005259209668905593,10,71.0
44,all_features,multiclass,rf,0.911201835327836,0.003826530219781671,10,71.0
44,proposed,binary,dt,0.9315801187062501,0.003712831990491894,10,56.1
44,proposed,binary,rf,0.9343680855099044,0.0038977285834169585,10,56.1
44,proposed,multiclass,dt,0.8874077034101326,0.028361338043888618,10,56.1
44,proposed,multiclass,rf,0.898302817134945,0.03005358217698568,10,56.1
