method,n_folds,n_features_mean,n_features_min,n_features_max,classifiers,binary_f1_mean,binary_f1_std,binary_f1_rf_mean,binary_f1_rf_std,binary_f1_dt_mean,binary_f1_dt_std,binary_f1_knn_mean,binary_f1_knn_std,multiclass_f1_mean,multiclass_f1_std,multiclass_f1_rf_mean,multiclass_f1_rf_std,multiclass_f1_dt_mean,multiclass_f1_dt_std,multiclass_f1_knn_mean,multiclass_f1_knn_std,acc,mcc,recall,precision,rf_recall,rf_precision,rf_mcc
proposed,10,59.2,28,70,dt/knn/rf,0.9305840996948425,0.0028992433143199946,0.9355208782041432,0.0016784475828216098,0.9334243770769575,0.0024237650992933613,0.9228070438034264,0.006222939301291513,0.8856053946089165,0.004894381785341672,0.9082779536679428,0.005030073549336212,0.8975399303936834,0.004337827212538997,0.8509982997651232,0.011740289191899986,0.9269175774935128,0.8768563455262868,0.839577703759527,0.944374734821848,0.8632593815560062,0.9645515453745033,0.8892289831186841
kmeans_sil,10,35.9,7,63,dt/knn/rf,0.8850459642203438,0.08210271481212918,0.8877448849893186,0.0823418515570909,0.8864919151306255,0.08180121031129657,0.8809010925410872,0.08289489547147093,0.7318281845285662,0.2377932909214262,0.7478208769983652,0.24046531226940554,0.7409795053497785,0.23750082977961973,0.7066841712375551,0.23545058139545566,0.8740998301844313,0.776476045630672,0.6954478090626034,0.8127094362348662,0.7110978939614792,0.8226657572667542,0.7841492956936544
mcfs_25,10,25.0,25,25,dt/knn/rf,0.9262733512399004,0.0015532044010400578,0.9337658488415503,0.0015889431440413114,0.9302264823178424,0.0015693221547891632,0.9148277225603085,0.001968321507451179,0.8614072082730037,0.002307350815409981,0.9011217226046435,0.003064336095493287,0.8828827726371345,0.004640955202501943,0.8002171295772327,0.003914627691044097,0.9150714580999502,0.8557779341969434,0.8163399221531991,0.9195373533178518,0.8585093122584035,0.9536585537570262,0.8795397578127906
variance_25,10,25.0,25,25,dt/knn/rf,0.9318447990136967,0.0012610369822004385,0.9329595122416825,0.0013458663755504471,0.9316076578678316,0.0012034785681748262,0.9309672269315763,0.0013643795733590052,0.888996156149829,0.003680431253981506,0.8993311668538849,0.003678999078065562,0.8893747084945636,0.004009274512188675,0.8782825931010384,0.004064338191069769,0.9276511838630856,0.8784673246344894,0.8417603286443143,0.9493476220272384,0.8501398567452888,0.9626351303006265,0.8839555128477408
spec_25,10,25.0,25,25,dt/knn/rf,0.9313719538956843,0.0033824182957100705,0.9332349103583029,0.0021735310112027686,0.9324688858641592,0.002232719420203741,0.9284120654645907,0.006076361327783459,0.8474923933900241,0.020806039840834536,0.8621606682258554,0.01982778654917248,0.848844360976608,0.0217701642657883,0.8314721509676091,0.021693774771405255,0.9163493746289377,0.8582296755771427,0.8086667896067989,0.897236498601831,0.8241102905266665,0.9121647382789948,0.8641792166943697
laplacian_25,10,25.0,25,25,dt/knn/rf,0.9334858166767905,0.0015768987375653666,0.9345862350783343,0.001617806119163493,0.9339988035367297,0.001682728158465254,0.9318724114153074,0.0015286955450729976,0.8103868375243953,0.021792534661606546,0.8215758304993838,0.021662765159579652,0.8105468792551269,0.025733067484076985,0.7990378028186755,0.01833850500489296,0.9029935609648767,0.8349161331368103,0.7696567923518678,0.8630167843236125,0.7770096504563488,0.8805729254553103,0.8415777945373801
ndfs_25,10,25.0,25,25,dt/knn/rf,0.9232964623880366,0.0060915471448739515,0.9266202630217316,0.006287271751786193,0.9240780728117916,0.006686816677743592,0.9191910513305865,0.005715939153092087,0.8212069884108162,0.021434085715923014,0.8398252823906466,0.029028925437807995,0.820846207543546,0.02845239114550518,0.802949475298256,0.00962073963821304,0.9053189853242729,0.838941626117939,0.774628807132848,0.8818701690507632,0.7910087860064404,0.9039047127691786,0.849938056746981
udfs_25,10,25.0,25,25,dt/knn/rf,0.917453228021671,0.00957072519870782,0.9215606131962877,0.011182539621017205,0.9186370265929819,0.011030750628701501,0.9121620442757434,0.009005160676046292,0.8434569508521573,0.02401630186493858,0.8619297585686075,0.026716703896730684,0.8451414190499673,0.030352315268561754,0.8232996749378971,0.019293139879320527,0.9115398865750514,0.8500970054745615,0.794064971792325,0.9092274979662006,0.8106961092418146,0.9315082719127487,0.8608824918902951
all_features,10,71.0,71,71,dt/knn/rf,0.928738222971174,0.001483815106016014,0.9364182545047436,0.001381560201845911,0.9335326069658697,0.0014365140722552678,0.9162638074429085,0.001814209305769054,0.8827466633531437,0.002267599646699107,0.9109777849154558,0.0029321319060178794,0.8979011310351733,0.0036671186751647605,0.8393610741088022,0.0035681611412794606,0.9249500770099566,0.8731592301302544,0.8388673814354913,0.9388845966764559,0.8699705937589407,0.9612921503778761,0.8896573491358643
ds17,10,17.0,17,17,dt/knn/rf,0.9187694177119367,0.0015265561421104943,0.9261716707079509,0.0014597918515055035,0.9210987069159298,0.0016329819759431173,0.9090378755119289,0.0016518019956630076,0.8511032338578964,0.004029519495535089,0.8771254933952676,0.00375735027281247,0.8594482994088303,0.004633318112933439,0.816735908769591,0.005523997911775868,0.9130276602725648,0.8524169888213224,0.8070147919225426,0.9092643652635035,0.8323484497379464,0.9352588464098689,0.8688104262034138
