protocol,method,task,clf,f1_mean,f1_std,acc,mcc,recall,n_folds,nf
group_device_k5,all_features,binary,dt,0.9172359634772735,0.022106828327432215,0.9229782457484885,0.8397090317768955,0.9113148250421961,5,71.0
group_device_k5,all_features,binary,rf,0.9132891873946495,0.025516621220550414,0.9188476639777667,0.8320063827651945,0.9090583817075265,5,71.0
group_device_k5,all_features,multiclass,dt,0.6057337197477352,0.016624539408195683,0.8626466875995791,0.7716801470628255,0.5889793441289687,5,71.0
group_device_k5,all_features,multiclass,rf,0.6909021979528661,0.027868864604091728,0.8875660989562565,0.8114670357348128,0.6644181163406835,5,71.0
group_device_k5,proposed,binary,dt,0.9041162718525204,0.031563096245806097,0.9100998407523173,0.813358337755853,0.9015610939289015,5,62.6
group_device_k5,proposed,binary,rf,0.9026936699988971,0.03133879967978953,0.9085935309439526,0.8105163816579692,0.9012079533358037,5,62.6
group_device_k5,proposed,multiclass,dt,0.6103631817769232,0.05366807707692023,0.8517481944117653,0.755739821131659,0.6050691410447471,5,62.6
group_device_k5,proposed,multiclass,rf,0.652651112274144,0.04960453824159437,0.8769919935671318,0.794265959152171,0.6297834058325396,5,62.6
group_exec_k5,all_features,binary,dt,0.3902101624515838,0.14331232482664946,0.7098218798056318,0.0,0.4433310128105953,5,71.0
group_exec_k5,all_features,binary,rf,0.3906560508812557,0.14355367391218557,0.7113972773613212,0.0,0.44411871158844,5,71.0
group_exec_k5,all_features,multiclass,dt,0.5842682494604846,0.187997717051224,0.6573201987933954,0.6471440359871015,0.6267039053644907,5,71.0
group_exec_k5,all_features,multiclass,rf,0.5997888970936627,0.18245359399994074,0.6650345416832104,0.658134612873785,0.6464802623258248,5,71.0
group_exec_k5,proposed,binary,dt,0.38504382834655637,0.1412852873678282,0.6931596322026775,0.0,0.4349998890091181,5,54.4
group_exec_k5,proposed,binary,rf,0.3848840380124032,0.14119085271733028,0.6925936936299029,0.0,0.43471691972273085,5,54.4
group_exec_k5,proposed,multiclass,dt,0.521113471218736,0.18287972170414687,0.5914725170390847,0.5793457467262572,0.5685753768317595,5,54.4
group_exec_k5,proposed,multiclass,rf,0.5289217496972787,0.17237667465764273,0.5956385457900084,0.5863453654997661,0.5841496983728487,5,54.4
sample_k10,all_features,binary,dt,0.9335326069658697,0.0014365140722552678,0.9375811508593352,0.8708866674935585,0.9258022123687691,10,71.0
sample_k10,all_features,binary,rf,0.9364182545047436,0.001381560201845911,0.9403849611822084,0.8772392287230957,0.928094776737194,10,71.0
sample_k10,all_features,multiclass,dt,0.8979011310351733,0.0036671186751647605,0.927985698783794,0.8782098664567176,0.8612561550205264,10,71.0
sample_k10,all_features,multiclass,rf,0.9109777849154558,0.0029321319060178794,0.9345176500760362,0.8896573491358643,0.8699705937589407,10,71.0
sample_k10,proposed,binary,dt,0.9334243770769577,0.0024237650992933613,0.937677988625888,0.8719314696149674,0.924631008518195,10,59.2
sample_k10,proposed,binary,rf,0.9355208782041432,0.0016784475828216098,0.9396983182159996,0.8764823715226004,0.9263761951629537,10,59.2
sample_k10,proposed,multiclass,dt,0.8975399303936834,0.004337827212538997,0.9291873270743791,0.8806309376856593,0.8562669290560491,10,59.2
sample_k10,proposed,multiclass,rf,0.9082779536679428,0.005030073549336212,0.9340466829045491,0.889228983118684,0.8632593815560062,10,59.2
