feature,group,selection_frequency,n_selected,n_runs,freq_seed42,freq_seed43,freq_seed44
network_time-delta_avg,Timing Control,0.26666666666666666,8,30,0.3,0.1,0.4
network_time-delta_max,Timing Control,0.3,9,30,0.4,0.1,0.4
network_time-delta_std_deviation,Timing Control,0.3,9,30,0.3,0.1,0.5
network_time-delta_min,Timing Control,0.3333333333333333,10,30,0.5,0.1,0.4
log_data-ranges_max,Log Data Stats,0.43333333333333335,13,30,0.5,0.1,0.7
network_interval-packets,Packet Traffic Rate,0.43333333333333335,13,30,0.5,0.2,0.6
log_interval-messages,Log Data Rate,0.4666666666666667,14,30,0.6,0.2,0.6
network_packet-size_min,Size Length,0.4666666666666667,14,30,0.6,0.3,0.5
log_data-ranges_avg,Log Data Stats,0.5,15,30,0.6,0.1,0.8
log_data-ranges_min,Log Data Stats,0.5,15,30,0.6,0.1,0.8
network_protocols_src_count,Network Multiplexing,0.5,15,30,0.6,0.4,0.5
network_protocols_dst_count,Network Multiplexing,0.5333333333333333,16,30,0.6,0.3,0.7
network_packet-size_avg,Size Length,0.5666666666666667,17,30,0.7,0.3,0.7
network_macs_src_count,Address Diversity,0.7,21,30,0.8,0.5,0.8
network_macs_all_count,Address Diversity,0.7,21,30,0.8,0.6,0.7
network_protocols_all_count,Network Multiplexing,0.7,21,30,0.7,0.7,0.7
network_ips_src_count,Address Diversity,0.7333333333333333,22,30,0.8,0.6,0.8
network_macs_dst_count,Address Diversity,0.7333333333333333,22,30,0.8,0.6,0.8
log_messages_count,Log Data Rate,0.7333333333333333,22,30,0.8,0.6,0.8
log_data-ranges_std_deviation,Log Data Stats,0.7333333333333333,22,30,0.9,0.5,0.8
network_tcp-flags-syn_count,Header Flags,0.7333333333333333,22,30,0.7,0.7,0.8
network_tcp-flags-ack_count,Header Flags,0.7333333333333333,22,30,0.9,0.5,0.8
network_packets_src_count,Packet Traffic Rate,0.7333333333333333,22,30,0.8,0.8,0.6
network_tcp-flags_avg,Header Flags,0.7666666666666667,23,30,0.9,0.6,0.8
network_packets_all_count,Packet Traffic Rate,0.7666666666666667,23,30,0.9,0.7,0.7
network_payload-length_avg,Size Length,0.8,24,30,0.9,0.8,0.7
network_ports_dst_count,Network Multiplexing,0.8,24,30,0.9,0.8,0.7
network_tcp-flags-rst_count,Header Flags,0.8,24,30,0.8,0.8,0.8
network_ports_src_count,Network Multiplexing,0.8,24,30,0.8,0.9,0.7
network_payload-length_std_deviation,Size Length,0.8333333333333334,25,30,0.7,1.0,0.8
network_header-length_std_deviation,Size Length,0.8333333333333334,25,30,0.8,1.0,0.7
log_data-types_count,Log Data Stats,0.8333333333333334,25,30,0.9,0.8,0.8
network_ports_all_count,Network Multiplexing,0.8333333333333334,25,30,0.9,0.9,0.7
network_payload-length_min,Size Length,0.8333333333333334,25,30,0.8,0.8,0.9
network_packets_dst_count,Packet Traffic Rate,0.8333333333333334,25,30,1.0,0.7,0.8
network_ip-flags_max,Header Flags,0.8666666666666667,26,30,0.9,0.9,0.8
network_ip-length_avg,Size Length,0.8666666666666667,26,30,0.9,0.9,0.8
network_mss_std_deviation,Size Length,0.8666666666666667,26,30,0.8,1.0,0.8
network_packet-size_std_deviation,Size Length,0.8666666666666667,26,30,0.9,0.9,0.8
network_tcp-flags-urg_count,Header Flags,0.8666666666666667,26,30,0.9,0.9,0.8
network_tcp-flags_min,Header Flags,0.8666666666666667,26,30,0.9,0.9,0.8
network_tcp-flags-psh_count,Header Flags,0.8666666666666667,26,30,0.9,0.9,0.8
network_tcp-flags-fin_count,Header Flags,0.8666666666666667,26,30,0.9,0.9,0.8
network_ttl_min,Timing Control,0.8666666666666667,26,30,0.9,0.8,0.9
network_window-size_max,Timing Control,0.8666666666666667,26,30,1.0,0.8,0.8
network_ip-length_std_deviation,Size Length,0.9,27,30,0.8,1.0,0.9
network_ips_dst_count,Address Diversity,0.9,27,30,0.9,1.0,0.8
network_packet-size_max,Size Length,0.9,27,30,1.0,0.9,0.8
network_tcp-flags_std_deviation,Header Flags,0.9,27,30,0.9,1.0,0.8
network_tcp-flags_max,Header Flags,0.9,27,30,1.0,0.9,0.8
network_ip-flags_avg,Header Flags,0.9,27,30,0.9,0.9,0.9
network_window-size_std_deviation,Timing Control,0.9,27,30,1.0,0.7,1.0
network_ttl_max,Timing Control,0.9,27,30,1.0,0.9,0.8
network_window-size_avg,Timing Control,0.9,27,30,0.9,0.8,1.0
network_ip-length_min,Size Length,0.9,27,30,0.9,1.0,0.8
network_ip-flags_min,Header Flags,0.9333333333333333,28,30,0.9,0.9,1.0
network_payload-length_max,Size Length,0.9333333333333333,28,30,1.0,0.9,0.9
network_ip-length_max,Size Length,0.9333333333333333,28,30,1.0,1.0,0.8
network_window-size_min,Timing Control,0.9333333333333333,28,30,0.9,1.0,0.9
network_ip-flags_std_deviation,Header Flags,0.9333333333333333,28,30,1.0,0.9,0.9
network_mss_avg,Size Length,0.9666666666666667,29,30,1.0,1.0,0.9
network_mss_min,Size Length,0.9666666666666667,29,30,1.0,1.0,0.9
network_fragmented-packets,Fragmentation,0.9666666666666667,29,30,1.0,1.0,0.9
network_ips_all_count,Address Diversity,0.9666666666666667,29,30,1.0,1.0,0.9
network_ttl_std_deviation,Timing Control,0.9666666666666667,29,30,1.0,0.9,1.0
network_ttl_avg,Timing Control,0.9666666666666667,29,30,1.0,0.9,1.0
network_header-length_max,Size Length,1.0,30,30,1.0,1.0,1.0
network_fragmentation-score,Fragmentation,1.0,30,30,1.0,1.0,1.0
network_mss_max,Size Length,1.0,30,30,1.0,1.0,1.0
network_header-length_avg,Size Length,1.0,30,30,1.0,1.0,1.0
network_header-length_min,Size Length,1.0,30,30,1.0,1.0,1.0
