feature,group,selection_frequency,n_selected,n_runs,freq_seed42
Mean,Flow Duration and Activity,0.0,0,10,0.0
Sport,Network Multiplexing,0.0,0,10,0.0
Dport,Network Multiplexing,0.0,0,10,0.0
DstPkts,Packet/Byte Volume,0.0,0,10,0.0
SrcLoss,Loss and Retransmission,0.0,0,10,0.0
SIntPkt,Inter-Packet Timing and Jitter,0.0,0,10,0.0
pLoss,Loss and Retransmission,0.0,0,10,0.0
SrcJitter,Inter-Packet Timing and Jitter,0.0,0,10,0.0
DstJitter,Inter-Packet Timing and Jitter,0.0,0,10,0.0
sTtl,IP Header Control,0.0,0,10,0.0
SrcJitAct,Inter-Packet Timing and Jitter,0.0,0,10,0.0
Proto,Network Multiplexing,0.1,1,10,0.1
Loss,Loss and Retransmission,0.1,1,10,0.1
DstBytes,Packet/Byte Volume,0.1,1,10,0.1
IdleTime,Flow Duration and Activity,0.1,1,10,0.1
TcpRtt,Connection Setup,0.1,1,10,0.1
SAppBytes,Application Payload,0.1,1,10,0.1
DIntPkt,Inter-Packet Timing and Jitter,0.2,2,10,0.2
Sum,Flow Duration and Activity,0.2,2,10,0.2
Load,Traffic Rate and Load,0.2,2,10,0.2
dTtl,IP Header Control,0.2,2,10,0.2
Min,Flow Duration and Activity,0.3,3,10,0.3
TotBytes,Packet/Byte Volume,0.3,3,10,0.3
Dur,Flow Duration and Activity,0.3,3,10,0.3
SynAck,Connection Setup,0.3,3,10,0.3
DstLoss,Loss and Retransmission,0.4,4,10,0.4
DstJitAct,Inter-Packet Timing and Jitter,0.4,4,10,0.4
RunTime,Flow Duration and Activity,0.4,4,10,0.4
Max,Flow Duration and Activity,0.4,4,10,0.4
SrcBytes,Packet/Byte Volume,0.4,4,10,0.4
SrcLoad,Traffic Rate and Load,0.4,4,10,0.4
DstRate,Traffic Rate and Load,0.4,4,10,0.4
TotPkts,Packet/Byte Volume,0.5,5,10,0.5
SrcPkts,Packet/Byte Volume,0.5,5,10,0.5
Rate,Traffic Rate and Load,0.5,5,10,0.5
DstLoad,Traffic Rate and Load,0.5,5,10,0.5
TotAppByte,Application Payload,0.5,5,10,0.5
SrcRate,Traffic Rate and Load,0.6,6,10,0.6
DAppBytes,Application Payload,0.6,6,10,0.6
sTos,IP Header Control,0.7,7,10,0.7
sDSb,IP Header Control,0.8,8,10,0.8
