seed,fold,n_selected,n_removed,k_star,J_full,J_selected,n_evals,seconds,n_forward_additions
42,0,41,74,14,0.7391849160194397,0.8878828287124634,8934,4522.434689998627,4
42,1,104,11,13,0.7327558398246765,0.7749878764152527,1360,693.8349981307983,0
42,2,89,26,14,0.7131965160369873,0.8329806923866272,3055,1516.43075633049,0
42,3,98,17,14,0.7453564405441284,0.8020016551017761,2038,930.6564788818359,0
42,4,35,80,14,0.7339310646057129,0.9096255302429199,9841,4133.557451963425,6
42,5,49,66,13,0.7107806205749512,0.8783721923828125,7689,3231.249139547348,1
42,6,46,69,13,0.734670877456665,0.8778207302093506,8141,2961.3154742717743,2
42,7,88,27,14,0.7309532761573792,0.822344183921814,3396,1319.5049033164978,2
42,8,85,30,14,0.7055411338806152,0.8144912719726562,3507,1506.870718717575,0
42,9,107,8,14,0.7445557117462158,0.7647930979728699,1021,1179.6050469875336,0
