task,clf,reference,seeds,n_pairs,mean_proposed,mean_reference,mean_diff,n_positive,n_negative,wilcoxon_p_two_sided,tost_p_delta001,diff_min,diff_max
binary,rf,all_features,42,10,0.9997110044228099,0.9997659942319054,-5.498980909539597e-05,2,2,0.875,0.0009765625,-0.0006875630336088401,0.000137792855604002
binary,rf,kmeans_sil,42,10,0.9997110044228099,0.9997522403488247,-4.12359260147821e-05,3,2,1.0,0.0009765625,-0.0006875630336088401,0.00013772901840825025
binary,rf,mcfs_40,42,10,0.9997110044228099,0.9988708173552879,0.0008401870675219802,9,1,0.00390625,0.0009765625,-0.00013677453635563275,0.0015131727589681176
binary,dt,all_features,42,10,0.9996006107715598,0.9994078472041551,0.0001927635674046968,7,2,0.0390625,0.0009765625,-0.00013785649734432415,0.0006887090919723837
binary,dt,kmeans_sil,42,10,0.9996006107715598,0.9994353355797274,0.00016527519183222593,8,2,0.048828125,0.0009765625,-0.0001379202368496646,0.0005505339297481315
binary,dt,mcfs_40,42,10,0.9996006107715598,0.9982776236910835,0.001322987080476279,10,0,0.001953125,0.0009765625,0.0005507248549441179,0.0020670844438351876
multiclass,rf,all_features,42,10,0.8733499213787385,0.8805150029756936,-0.0071650815969549805,3,5,0.109375,0.0400390625,-0.07121983094373607,4.378684845962599e-05
multiclass,rf,kmeans_sil,42,10,0.8733499213787385,0.8804829497883431,-0.007133028409604392,3,4,0.578125,0.0419921875,-0.07121983094373607,0.00023474916358245945
multiclass,rf,mcfs_40,42,10,0.8733499213787385,0.8040174195143261,0.06933250186441241,10,0,0.001953125,0.9990234375,0.001964874034760866,0.07949482515231876
multiclass,dt,all_features,42,10,0.8729940362612861,0.8801822127319007,-0.007188176470614427,3,7,0.064453125,0.0419921875,-0.07095851301833278,0.00010633839627893771
multiclass,dt,kmeans_sil,42,10,0.8729940362612861,0.8801488762607768,-0.007154839999490581,4,6,0.431640625,0.0419921875,-0.07090277745645213,0.00018077542411010228
multiclass,dt,mcfs_40,42,10,0.8729940362612861,0.8025203509113666,0.07047368534991946,10,0,0.001953125,0.9990234375,0.003233620479740962,0.08058050473014278
