seed,fold,which,2,3,4,5,6,7,8,9,10,11,12,13,14
42,0,full,0.45948952436447144,0.49560871720314026,0.5868667960166931,0.6491027474403381,0.6677024960517883,0.6878092288970947,0.7014339566230774,0.7098740935325623,0.7166194915771484,0.734076738357544,0.733779788017273,0.737765371799469,0.7391849160194397
42,1,full,0.4056568443775177,0.45587360858917236,0.5133005976676941,0.6066910028457642,0.650010347366333,0.6865859627723694,0.6994723677635193,0.7217603921890259,0.7243353128433228,0.7267406582832336,0.7308911085128784,0.7327558398246765,0.7316746115684509
42,2,full,0.4520523250102997,0.45902320742607117,0.5573937892913818,0.6101790070533752,0.6442429423332214,0.6582779288291931,0.6777567267417908,0.6929869055747986,0.7115954756736755,0.6913868188858032,0.7106414437294006,0.7113344669342041,0.7131965160369873
42,3,full,0.4044710099697113,0.4749314785003662,0.5613307356834412,0.6288352608680725,0.6664174795150757,0.6781511306762695,0.7077851295471191,0.7136426568031311,0.7336041331291199,0.7305697202682495,0.7412788271903992,0.7170590758323669,0.7453564405441284
42,4,full,0.4282281696796417,0.46509987115859985,0.571600079536438,0.6299532055854797,0.6490309238433838,0.6810720562934875,0.6897580623626709,0.6887333989143372,0.7216903567314148,0.7055404186248779,0.7181118130683899,0.7302126288414001,0.7339310646057129
42,5,full,0.46976062655448914,0.46896713972091675,0.5846301317214966,0.636557400226593,0.6514157652854919,0.6806281805038452,0.6947786211967468,0.6980717778205872,0.7039783000946045,0.7066869735717773,0.700230598449707,0.7107806205749512,0.70820152759552
42,6,full,0.4253973960876465,0.4978977143764496,0.5487788915634155,0.5762532949447632,0.65428626537323,0.6847320795059204,0.697802722454071,0.708867073059082,0.7128196954727173,0.7156380414962769,0.7330223321914673,0.734670877456665,0.7086713910102844
42,7,full,0.4322868287563324,0.44906410574913025,0.5430158376693726,0.6079716682434082,0.6468647718429565,0.6676618456840515,0.6836661100387573,0.6865810751914978,0.7015591859817505,0.7255958318710327,0.7278833985328674,0.7300785779953003,0.7309532761573792
42,8,full,0.4385197162628174,0.5035009980201721,0.554152250289917,0.6122100353240967,0.6360018253326416,0.6664068698883057,0.6791796684265137,0.6786488890647888,0.697127103805542,0.6917844414710999,0.7027227282524109,0.705086886882782,0.7055411338806152
42,9,full,0.41916558146476746,0.4775049388408661,0.5920450687408447,0.6371300220489502,0.6661717295646667,0.6849555373191833,0.7040169835090637,0.7090285420417786,0.7280179858207703,0.7333803772926331,0.7354301810264587,0.7384253740310669,0.7445557117462158
42,0,selected,0.5851519703865051,0.5875521302223206,0.6466109752655029,0.6932317614555359,0.7427957653999329,0.8182486891746521,0.8354382514953613,0.8439383506774902,0.849244236946106,0.8799365162849426,0.8843496441841125,0.887043833732605,0.8878828287124634
42,1,selected,0.39731189608573914,0.4965677559375763,0.5644763112068176,0.6288294792175293,0.6829222440719604,0.7295221090316772,0.7410680055618286,0.7427293658256531,0.7659510374069214,0.7658492922782898,0.7728895545005798,0.7749878764152527,0.7380314469337463
42,2,selected,0.5198264122009277,0.5364601016044617,0.6216791868209839,0.6778765916824341,0.7210543155670166,0.7761192917823792,0.7944159507751465,0.804832935333252,0.808198094367981,0.8115494251251221,0.8158155083656311,0.8282745480537415,0.8329806923866272
42,3,selected,0.4482426345348358,0.5195156931877136,0.5929664969444275,0.6219702363014221,0.7126293778419495,0.7306385636329651,0.7522861361503601,0.7638528347015381,0.7701947689056396,0.7913415431976318,0.7905775308609009,0.7950307726860046,0.8020016551017761
42,4,selected,0.636584997177124,0.7558321356773376,0.8160633444786072,0.8261181116104126,0.8493094444274902,0.851915180683136,0.8629829287528992,0.8686885833740234,0.870922327041626,0.8893990516662598,0.9067383408546448,0.9041550159454346,0.9096255302429199
42,5,selected,0.5336334109306335,0.5930920243263245,0.6678723692893982,0.7124979496002197,0.7954431176185608,0.8374825716018677,0.8451135158538818,0.8596413731575012,0.8631152510643005,0.8756794929504395,0.8758306503295898,0.8783721923828125,0.8640128970146179
42,6,selected,0.484798401594162,0.5667700171470642,0.6392338871955872,0.7324365973472595,0.7845619916915894,0.835678219795227,0.8471130132675171,0.857094943523407,0.8646091222763062,0.8685329556465149,0.8715601563453674,0.8778207302093506,0.8791548013687134
42,7,selected,0.533454954624176,0.5218465924263,0.586429238319397,0.601652979850769,0.6955966353416443,0.7405584454536438,0.7893144488334656,0.7898529171943665,0.7941078543663025,0.8078240752220154,0.8148484826087952,0.8167024850845337,0.822344183921814
42,8,selected,0.5168197154998779,0.4896535277366638,0.5631018877029419,0.6206029057502747,0.6918628215789795,0.7609143257141113,0.7724846005439758,0.779615044593811,0.7883990406990051,0.7898857593536377,0.7969475388526917,0.808962881565094,0.8144912719726562
42,9,selected,0.4122268259525299,0.4893225431442261,0.6039491891860962,0.6523092985153198,0.6871558427810669,0.7185547351837158,0.730964183807373,0.7357276082038879,0.7512432336807251,0.7513503432273865,0.7423328757286072,0.7465453147888184,0.7647930979728699
