seed,fold,2,3,4,5,6,7,8,9,10,11,12,13,14,15,16,17,18,19,20,21,22,23,24,25,26,27,28,29,30
42,0,0.29438316822052,0.34059938788414,0.4002046585083008,0.40147867798805237,0.46486058831214905,0.48711854219436646,0.506227970123291,0.5108234286308289,0.5315040349960327,0.5335627198219299,0.541253924369812,0.5468873381614685,0.5585253834724426,0.5637254118919373,0.5618674159049988,0.5624064803123474,0.5524420142173767,0.5858706831932068,0.577312707901001,0.5857570171356201,0.5619139671325684,0.5913915038108826,0.5725900530815125,0.5912962555885315,0.6065672636032104,0.5818905830383301,0.5790301561355591,0.5796210765838623,0.5881684422492981
42,1,0.311836302280426,0.3537684381008148,0.4079059064388275,0.443033367395401,0.4784092903137207,0.5049381256103516,0.5078546404838562,0.5239971876144409,0.5372002720832825,0.5445476174354553,0.5579981803894043,0.5686948299407959,0.5751305818557739,0.5774051547050476,0.5568243861198425,0.5830201506614685,0.5990093350410461,0.5818260312080383,0.5916078090667725,0.591843843460083,0.598678708076477,0.6037863492965698,0.5881227254867554,0.589414656162262,0.6210351586341858,0.595202624797821,0.6208776235580444,0.6144335865974426,0.626879870891571
42,2,0.43621504306793213,0.3395260274410248,0.4072279632091522,0.4487910568714142,0.4811214506626129,0.4584536850452423,0.5142571926116943,0.5190980434417725,0.534841775894165,0.5490538477897644,0.5642853379249573,0.5721518397331238,0.5723972916603088,0.5769039392471313,0.5775350332260132,0.5861576199531555,0.5792437791824341,0.5713478326797485,0.585756242275238,0.5965530276298523,0.610614001750946,0.5947177410125732,0.5726673007011414,0.6159696578979492,0.6180821657180786,0.6196413636207581,0.618849515914917,0.6326762437820435,0.6304205656051636
42,3,0.40324854850769043,0.3794313967227936,0.3852587044239044,0.4532501697540283,0.4740643799304962,0.4883575439453125,0.5165227055549622,0.5215038657188416,0.526647686958313,0.5410129427909851,0.5417253971099854,0.545021653175354,0.5595650672912598,0.5675076246261597,0.5712025165557861,0.5753065347671509,0.5790039300918579,0.5892403721809387,0.5885629057884216,0.592231273651123,0.5938400626182556,0.6059255003929138,0.6005037426948547,0.6036967039108276,0.6238729357719421,0.6233068704605103,0.619531512260437,0.6207002997398376,0.6221644282341003
42,4,0.4155100882053375,0.3551694452762604,0.4122677743434906,0.41556838154792786,0.46139609813690186,0.49327585101127625,0.504435122013092,0.4699600040912628,0.5285772681236267,0.5450199246406555,0.5474875569343567,0.5612058043479919,0.5586917996406555,0.5588620901107788,0.560507595539093,0.5701922178268433,0.5743398666381836,0.5785418152809143,0.5922343134880066,0.5950475931167603,0.6018492579460144,0.5983249545097351,0.6010286211967468,0.6194800734519958,0.62717604637146,0.6287897825241089,0.6320721507072449,0.6364575624465942,0.6429441571235657
42,5,0.30598464608192444,0.37612012028694153,0.4056992828845978,0.4439871609210968,0.4700719714164734,0.5014423131942749,0.5125108957290649,0.5318093299865723,0.5355291962623596,0.5458910465240479,0.5274750590324402,0.5345578193664551,0.564976692199707,0.5626723766326904,0.5497726798057556,0.5811775326728821,0.589695394039154,0.5665176510810852,0.5725228190422058,0.586146891117096,0.605792760848999,0.5985682606697083,0.6006892323493958,0.6199241876602173,0.5988789796829224,0.6052736639976501,0.6118632555007935,0.6126748323440552,0.6255260109901428
42,6,0.3245830833911896,0.3808736503124237,0.4092705547809601,0.4362098276615143,0.48583728075027466,0.5146153569221497,0.5217961668968201,0.5485590100288391,0.5455971956253052,0.566001832485199,0.5693182945251465,0.5737224221229553,0.5845194458961487,0.5941123366355896,0.5826159119606018,0.5993561744689941,0.6029713153839111,0.6099128127098083,0.6151718497276306,0.6169686913490295,0.6224088072776794,0.6234905123710632,0.6249379515647888,0.6268296837806702,0.6335710883140564,0.6309387683868408,0.6319311261177063,0.6340930461883545,0.616511881351471
42,7,0.3127036392688751,0.3777441084384918,0.39781343936920166,0.41931039094924927,0.4768071174621582,0.5005335807800293,0.5188721418380737,0.5348249077796936,0.5555234551429749,0.5511295199394226,0.5698369145393372,0.5727818012237549,0.5759294629096985,0.5735477209091187,0.5897353291511536,0.5476065278053284,0.6002930402755737,0.6041485071182251,0.6054763197898865,0.5857186913490295,0.5639273524284363,0.6225194334983826,0.5892744064331055,0.598081648349762,0.6068970561027527,0.6009994149208069,0.63200443983078,0.6092894077301025,0.6218193173408508
42,8,0.4090123772621155,0.3533478379249573,0.3734666109085083,0.4447522759437561,0.45515215396881104,0.4884539842605591,0.5009399056434631,0.5256820321083069,0.5294746160507202,0.5430866479873657,0.5451231002807617,0.5607276558876038,0.5662404298782349,0.574542224407196,0.586925208568573,0.588790774345398,0.5968451499938965,0.5866705179214478,0.5831219553947449,0.5817769765853882,0.5898900628089905,0.596605658531189,0.6022969484329224,0.6030580997467041,0.6072002053260803,0.6146064400672913,0.6133565902709961,0.6204330921173096,0.6179555058479309
42,9,0.4294070899486542,0.3228512406349182,0.34706348180770874,0.4055050313472748,0.45915958285331726,0.48502808809280396,0.492517352104187,0.5056642889976501,0.5288257598876953,0.54087233543396,0.5442731976509094,0.5453607439994812,0.5502851605415344,0.5633372068405151,0.562468945980072,0.5510547161102295,0.5778099298477173,0.5889971852302551,0.5849936604499817,0.5902436375617981,0.5794013738632202,0.5956116914749146,0.5811477899551392,0.6050538420677185,0.6083210706710815,0.6069572567939758,0.6100888848304749,0.6195053458213806,0.6227368116378784
