feature,group,mean_abs_shap
network_mss_avg,Size Length,0.01280576922518753
network_ttl_avg,Timing Control,0.009741068785392498
network_ip-length_avg,Size Length,0.00878976802527754
network_ttl_min,Timing Control,0.008659193634182594
network_mss_min,Size Length,0.008297665901492328
network_ip-flags_avg,Header Flags,0.007620018064240262
network_ttl_std_deviation,Timing Control,0.007100932504492025
network_payload-length_avg,Size Length,0.006973242072286092
network_mss_max,Size Length,0.0066167470451934
network_packets_dst_count,Packet Traffic Rate,0.0065057848121306255
network_tcp-flags_std_deviation,Header Flags,0.00641649403188763
network_packets_all_count,Packet Traffic Rate,0.0063037559163331945
network_tcp-flags-fin_count,Header Flags,0.006025798555722663
network_tcp-flags-rst_count,Header Flags,0.005772099975067118
network_tcp-flags_avg,Header Flags,0.005737131021464553
network_tcp-flags_min,Header Flags,0.0056083464620572164
network_ip-length_min,Size Length,0.005490235900320195
network_ip-length_max,Size Length,0.005357285309550716
network_packet-size_avg,Size Length,0.004956546612080299
network_ip-length_std_deviation,Size Length,0.0045157581812401
network_window-size_avg,Timing Control,0.004479098021550177
network_ttl_max,Timing Control,0.003834142034276523
network_window-size_min,Timing Control,0.00345829776042707
network_window-size_std_deviation,Timing Control,0.003329071965396754
network_window-size_max,Timing Control,0.0031381911921971625
network_packet-size_max,Size Length,0.0031160895018760328
network_payload-length_min,Size Length,0.002954892439736763
network_ips_dst_count,Address Diversity,0.0029086834974496423
network_ip-flags_std_deviation,Header Flags,0.002717387798960884
network_ip-flags_min,Header Flags,0.002635967008474303
network_header-length_max,Size Length,0.002617626687164279
network_packet-size_std_deviation,Size Length,0.002526029561307208
network_tcp-flags-psh_count,Header Flags,0.0024639462172468206
network_payload-length_max,Size Length,0.002440027623673516
network_payload-length_std_deviation,Size Length,0.0022771633387735344
network_header-length_avg,Size Length,0.0022647601181790718
network_ips_src_count,Address Diversity,0.0021697116919174933
network_fragmentation-score,Fragmentation,0.0021638861722792727
network_header-length_min,Size Length,0.002137206309962768
log_data-types_count,Log Data Stats,0.002056349856644253
log_messages_count,Log Data Rate,0.0020285078151689854
network_tcp-flags_max,Header Flags,0.00196090163055723
network_ports_all_count,Network Multiplexing,0.0018292382890868675
network_macs_src_count,Address Diversity,0.0017373424736598546
network_ports_dst_count,Network Multiplexing,0.0016362338861708372
network_macs_all_count,Address Diversity,0.001482761748302885
network_macs_dst_count,Address Diversity,0.0014638807308274722
network_fragmented-packets,Fragmentation,0.0013186002858142677
network_ports_src_count,Network Multiplexing,0.0012856639833340238
network_tcp-flags-ack_count,Header Flags,0.0012364707651605531
network_protocols_dst_count,Network Multiplexing,0.0010078643028094848
network_packets_src_count,Packet Traffic Rate,0.0009872729019482296
network_ip-flags_max,Header Flags,0.000799380119928652
network_protocols_all_count,Network Multiplexing,0.0005683841182271345
log_data-ranges_avg,Log Data Stats,0.0003994306942215786
network_tcp-flags-urg_count,Header Flags,0.0003670659405946808
log_data-ranges_max,Log Data Stats,0.00035222380236904797
network_protocols_src_count,Network Multiplexing,0.00017067138930278733
log_data-ranges_min,Log Data Stats,0.00011240506300739103
log_interval-messages,Log Data Rate,9.32302370436639e-05
network_header-length_std_deviation,Size Length,3.489676552425931e-06
