,C1,C2,C3,C4,C5,C6,C7,C8,C9,C10,C11,C12,C13
log_data-ranges_avg,5.920459403249733e-05,0.009786475606962969,0.0004537348673228338,0.0016342015123554437,0.0008872037648465442,0.000478393454299041,0.0014325931890203673,0.00047386664019602584,0.0006069338009322914,0.0013447171873756491,0.0006402856801527034,5.9466936691940134e-05,0.000835994575940147
log_data-ranges_max,0.0,0.005887011370182526,0.0006387431259093658,0.0018189892991352418,0.0005550810015439278,0.00020669387349536738,0.0011271013757697256,0.0003114002646267079,0.00037983312264258824,0.0019427578432342062,0.0005503855881758883,1.743920042400596e-05,0.0009908507006669248
log_data-ranges_min,0.0,0.001494107557863347,0.00014422852713206775,0.001306094364536569,0.0002958977367125303,2.7382033417797466e-05,0.0004762098937078992,4.359705665308642e-06,0.00026050949309387635,0.00030255169312809753,0.00023312187239624458,0.0,0.00027009890397776463
log_data-types_count,7.105697931533662e-05,0.04970264162237299,0.002881056328717394,0.004630685012625726,0.001866613613483122,0.0027504704484802925,0.012442695028536854,0.000394041811222189,0.0017387823514490098,0.01189503682955129,0.002404423579406773,0.00015243497425817472,0.0040689904775267445
log_interval-messages,0.0,0.0010502407291911667,1.4774098656375457e-06,0.0012277524490778968,0.000577064536075108,0.0,7.939840300372669e-05,0.00012521189694747944,6.966057592402872e-07,1.986464417037861e-07,0.0014892416529709747,0.0,6.346707933545426e-06
log_messages_count,0.0005542091857329387,0.05646717656732313,0.002886095113274156,0.004634609784449133,0.0028012864120065934,0.002753159307261827,0.00982589799656938,0.0005955771372771219,0.002302300395978075,0.0088069738186366,0.0025995566291460107,0.0003340499010197915,0.005351129038383923
network_fragmentation-score,0.0011343520338513377,0.0039177579177048045,0.004457260971277447,0.0033910676119507615,0.0028929305630909035,0.003448544415927178,0.004026076780397658,0.07781482459644859,0.0030650397052206743,0.004077223779429517,0.0033629374047112236,0.0030538024380344017,0.003021362000961636
network_fragmented-packets,0.00020167741590650058,0.0023051936361249215,0.002020932335798681,0.0022518982103015097,0.00204009663342098,0.0017119352208118273,0.00262321243747269,0.05005462956962779,0.0025501368492682744,0.002849710508419701,0.0016642406397784492,0.001373868388400601,0.0017284402324758206
network_header-length_avg,0.08885143527897352,0.003975527626267261,0.0033325476303115403,0.0035295259965725527,0.0031405749632977304,0.003176180250251261,0.0035527909821672227,0.0035603869312707654,0.0032365800554375133,0.003739055314177009,0.0028491221950228155,0.0031703927975628315,0.0028984379165697956
network_header-length_max,0.10180600209230511,0.004525511276145138,0.00405766228359375,0.004281476180701624,0.003793641624314207,0.004300181941056236,0.0039806368729034996,0.003880407993465349,0.0038246738912526006,0.004282287658213558,0.0035707876308900956,0.0032831095483718555,0.0032821366753934635
network_header-length_min,0.08355795912275771,0.003493145964049781,0.003210630458342418,0.0030748625545843986,0.0029406801565607993,0.003589602149029668,0.003516710286860541,0.003303503491920938,0.0029906738436146093,0.0035288575289116717,0.002870483130664283,0.0027500029763101344,0.0025284860522655833
network_header-length_std_deviation,0.0,0.0,2.8135159993749675e-07,0.0,0.0,4.841692536511919e-08,3.313389495960225e-09,1.2383266686578536e-05,4.6056849365263e-06,9.71124539010284e-05,3.339696587321999e-05,0.0,0.0
network_ip-flags_avg,0.0025096929389469384,0.013443925131102414,0.025777149386235296,0.07073082489750415,0.0349983723591143,0.008779561943846327,0.025333784095931716,0.013608462623044094,0.02639095346748664,0.0841473111408759,0.014898961756425614,0.007464402622929833,0.022608072933141876
network_ip-flags_max,0.0,0.0005701755818394154,0.0016294574592288754,0.004560173366698161,0.0028057421719489307,0.007096739897181349,0.0006448684641944889,0.001883334830544426,0.0008296183563927854,0.0059602155856925245,0.0013773730841642022,0.00048225102486623814,0.0005733754238733145
network_ip-flags_min,0.001286826409729951,0.006927592870409125,0.008939306247682466,0.0003563268456881891,0.0007571398780206109,0.004584321763085052,0.010287823215501242,0.0029734595554632252,0.0024204716793902454,0.058016346842947694,0.00288242647549947,0.0009823607536091532,0.007043603640829074
network_ip-flags_std_deviation,0.00034633751837103864,0.02282456845153454,0.005219202200822341,0.006831195888132339,0.011058142543137875,0.0020926199026484564,0.013395178040097626,0.0030360985583291794,0.0027493284081419283,0.028422022512394018,0.011937856014815737,0.0004682493997131978,0.011624269845812855
network_ip-length_avg,0.09285577667734608,0.022483763090883492,0.049821227737037566,0.021030698762205126,0.024774513847914476,0.02002716013840935,0.023957685333137236,0.16977355555485113,0.023799156497995008,0.025023560490789222,0.03082772107382375,0.019076470419126784,0.032021806634653795
network_ip-length_max,0.10690971851598223,0.015714558188932682,0.01794539496038972,0.012724580381993469,0.0155160416685262,0.009566801001962605,0.025635768631344164,0.01729987640301091,0.031417816753778,0.00890079979730399,0.013439175968096621,0.00380941092769805,0.0077988736503617475
network_ip-length_min,0.09633178841891371,0.012144239015772162,0.015955542419234955,0.006879731995162624,0.008629289902324583,0.06979634012836475,0.013826634104385456,0.029549636110158706,0.008387284108257918,0.021015471717886557,0.011769492600358679,0.00958897958671074,0.012230085904600781
network_ip-length_std_deviation,0.0017957981852482485,0.010814482015110309,0.030191017599018745,0.010512204976591066,0.01869805100640366,0.012255618666960743,0.020298507489851736,0.005668505957965655,0.025459445213724896,0.008589916809867334,0.031996654548894575,0.010268027124707382,0.01707962621889787
network_ips_dst_count,0.03295118848968866,0.01341193669198202,0.008069883733848376,0.003647991566163082,0.006684453661940844,0.0032867368118087202,0.01897799569007364,0.00235324977661458,0.014980266701720982,0.010749732062969591,0.011042639873428494,0.0031928792116349843,0.0041754217928331155
network_ips_src_count,0.026726924203072374,0.008927030812025595,0.0055793887780018194,0.0042777123036146026,0.005762532784548508,0.007017133110831124,0.01546037969812958,0.0018552143530217453,0.012379021405314885,0.006745563754580637,0.006226975034378107,0.002244528822031875,0.004163730884291895
network_macs_all_count,0.0065659794594555435,0.005005690455052958,0.0040571720513746115,0.0019864939575783102,0.003284777963467409,0.0007315460711473226,0.010162034329660263,0.00043061935060852505,0.012467284320335862,0.008026785459314453,0.004902408779989319,0.0026749672708367826,0.0008552345986814997
network_macs_dst_count,0.007196281448326444,0.009340606886568084,0.004221184125106349,0.002355822751542627,0.003321285650995473,0.003173374928718908,0.012022320615189404,0.000519139293450181,0.007945985719330258,0.005957621299165763,0.006595358481893495,0.002288657885533248,0.0009641895815348732
network_macs_src_count,0.0,0.007015011219185658,0.004802735011994052,0.0025666133600575477,0.002710791230240202,0.004971324723107,0.020464339072400955,0.0002931999866598757,0.009461858924448154,0.010088732669679822,0.0063563695092434,0.0007832089571565827,0.002811093354094398
network_mss_avg,0.004071852173083897,0.039581326056699506,0.03164362574842712,0.08347042143561094,0.10073685325139402,0.014404484303356571,0.04638835946154368,0.010969023020748883,0.09603809223349691,0.04705294159445115,0.020029967152792805,0.014615936132707459,0.0683167901019887
network_mss_max,0.0029805877018543423,0.02448204130367451,0.016107376492080203,0.0376481952920178,0.04136958681168658,0.010301252965915032,0.030312338133032912,0.005634293337053609,0.03817369881379103,0.02794170419612162,0.009889263233910242,0.004987063577830348,0.04764060176177177
network_mss_min,0.0034090379560932555,0.02509672875867829,0.016379396138231445,0.05500977823555722,0.05811942818102049,0.015834396788454455,0.036225825873903536,0.009210424717951353,0.06990889262617296,0.03197659466557818,0.010857659065919144,0.006195135422700528,0.0539706703079861
network_packet-size_avg,0.005103323558657396,0.011819647319756965,0.024995277582722433,0.00879461283592569,0.009874452608808234,0.009211953104614303,0.017301137261011176,0.10850839084456593,0.014328859789972302,0.017957510018430874,0.02356661410468701,0.004133437057000424,0.014692158994559
network_packet-size_max,0.0035695438147657077,0.01054013550316752,0.010218644182054372,0.010481684274864385,0.0133332188740972,0.004636342598224207,0.018184258215156596,0.006642870314397988,0.034872755232425875,0.005760795705874633,0.006997715288087248,0.0019918718086902668,0.010271248777700416
network_packet-size_std_deviation,0.00030279188261974835,0.0018653927290989544,0.014662485952170264,0.0012892364022627442,0.008525590892536789,0.00048610825607259473,0.015365211061715914,0.00554875430718754,0.012149929245315867,0.007933810103609098,0.01718680203360734,0.0004160995270743577,0.011150229859277936
network_packets_all_count,0.0037280990414111717,0.01953311156023458,0.04172000528887651,0.012014878894883984,0.018301135482236,0.015637100382581117,0.018320060540989645,0.009475675096044592,0.011381869617772147,0.03125170065180336,0.0447659592329601,0.11319773993927998,0.018356946346910374
network_packets_dst_count,0.003771515454410394,0.019356672557963587,0.033129371869860945,0.011372596198572966,0.016479760055249246,0.021972806036226814,0.015844311508447704,0.009400568101963823,0.013106459691986632,0.02601525208571907,0.042174339123808864,0.14228215315603912,0.017002670642312184
network_packets_src_count,0.0003757765010165981,0.005757566699357115,0.005807831565760903,0.002379685769259528,0.003567610830029464,0.00016258078065761072,0.004286276636275017,0.0005317632467673079,0.0021473119252025134,0.002860560450541391,0.01671169484684617,0.0025454070182125894,0.0026329108736040685
network_payload-length_avg,0.004406862928341319,0.015448813962467648,0.018419010969420824,0.012189620389629325,0.018982930501581837,0.010840067998450987,0.019336029367450765,0.21629218217477927,0.0277616317644218,0.01490587790288291,0.018371436810097654,0.011124234313312708,0.016397577440680176
network_payload-length_max,0.0002482415631025497,0.006137455825136123,0.006112875851154274,0.010716579960422034,0.011541760435957156,0.0035803460406457774,0.013208395419205534,0.011138677746119574,0.027698947043347008,0.004674032051988321,0.005567839047069816,0.0025258327232681927,0.007651522418036176
network_payload-length_min,0.0005405360065954049,0.007364306644319301,0.006120219414002246,0.006021072578260004,0.005785587716048942,0.06290618856690441,0.0074679925868413564,0.03349583304988824,0.005805763001024249,0.005322209916802941,0.005790388683760861,0.0035535059354317895,0.0057482642445057415
network_payload-length_std_deviation,0.0001383803147205418,0.007233662822457104,0.010750350977573547,0.004531379383032139,0.008354386472898746,0.0018398020262011113,0.011630735276713185,0.003202990086164489,0.022776226846963205,0.004654349301717266,0.011073133143580388,0.0006831562362582137,0.007989366987076692
network_ports_all_count,0.0002592141557349015,0.012762716311791877,0.006526542856669134,0.005831573473541612,0.005529660323342946,0.002224941687274068,0.007916977154911763,0.001987458801628082,0.005249840086971777,0.006770631755389175,0.013244848940337693,0.018428640870591335,0.006669231563529515
network_ports_dst_count,0.003910704737764214,0.010810254000872517,0.006339398667516344,0.0032497554656400183,0.007036324643798762,0.0040652052287038325,0.009906358954395443,0.00045886272263916757,0.00471540821828658,0.007645106899657659,0.020193794453963018,0.0037476073454567414,0.005350681922126233
network_ports_src_count,0.0009137686351676098,0.007706103667098202,0.006756692565773568,0.004111474478745262,0.004333025115788765,0.0030462183776533056,0.004818243147081822,0.001116236540438176,0.0038667230580260907,0.005314283052245403,0.006140479838269054,0.016860038581975503,0.005853790997532078
network_protocols_all_count,0.008123769139202142,0.002149242029219465,0.000876760682101234,0.001089387999727194,0.0023526902087646928,0.0006745243761439997,0.0016840855443582858,0.0007028332208603911,0.004135530300412458,0.0011935364288226398,0.001115842660975409,0.0004707300826397155,0.000701623527665787
network_protocols_dst_count,0.0004719147800904915,0.0018440770656089627,0.004003010311087674,0.001129716780854439,0.0019780405712160358,0.018389337505907426,0.00609444996438284,0.0004779078627405983,0.003058680942653846,0.0013720212143378346,0.0018968272127446624,0.0004844612187171738,0.0021595930296640768
network_protocols_src_count,6.509209831932294e-05,0.00015704930258155045,0.0002780973462520598,0.0010018769597660458,0.0009104703269293877,4.8577288659181775e-05,0.0003618247610663036,0.00016211133387435817,0.0015517768016387336,0.0006167283160802917,0.0004297487116061753,5.4591203324191305e-05,0.0010190527072301639
network_tcp-flags-ack_count,0.0,0.004673724242688854,0.007743997624686974,0.002249627886121579,0.006360798366917736,0.00047080455481884637,0.004358853117487961,0.0003535669806791377,0.0023650205787475154,0.0029897604467295307,0.024252179607323402,0.0003046472358100013,0.003474000713555315
network_tcp-flags-fin_count,0.003612740296850271,0.011369349295846605,0.013963604364403878,0.008961369602453195,0.011163131465665445,0.007143133003702846,0.009779354016768447,0.007018353260327376,0.011689458194782698,0.009670544188092593,0.012728108467136135,0.2048808145316964,0.017525216795714667
network_tcp-flags-psh_count,0.00013192760939195172,0.005132308183326239,0.014129103485302406,0.005120681969833014,0.018123946862290775,0.0028822539368214485,0.0067179994642667705,0.003335838829372663,0.02138359791708464,0.0020990098080491885,0.012636896652702165,0.0019205248732062886,0.010711007273626467
network_tcp-flags-rst_count,0.0033963480683266985,0.009783197579682028,0.017012105367610518,0.008847257464345192,0.01001536737379529,0.007473191527873264,0.011788927621623362,0.00631529866910116,0.00751922661225186,0.01149780959733334,0.014810639114120153,0.1964264032851933,0.014633561426584956
network_tcp-flags-urg_count,2.9741272999273827e-05,8.21564727276875e-05,0.00014389444221924916,0.0007534687725132038,0.0010196644479587202,3.386002114074936e-07,0.0018510368311596798,0.00025196702368697216,0.003263663413502885,0.00029158356769269536,0.00035598899263308056,1.075990688617813e-05,0.030179212641464045
network_tcp-flags_avg,0.0027867812076811643,0.017144569741630075,0.06899027616395965,0.009786841706798327,0.021813998612591076,0.013247335582423133,0.021051103403809435,0.0029922229590235673,0.017417142897316044,0.00987052532744153,0.0383705640395215,0.02064498812900512,0.05129976586652661
network_tcp-flags_max,0.0026437524857926557,0.003973903053841689,0.015504613025486252,0.001798747292680857,0.010363789692148859,0.0023664120400016734,0.006299412106556243,0.005935013073147707,0.01128696503119365,0.00246135483357546,0.0103073481014681,0.0021190569162272675,0.04669366942344677
network_tcp-flags_min,0.0013419263829316471,0.033030357391315344,0.029794663605577767,0.016364071150846465,0.02237329758422787,0.004096588894178602,0.03757622195074992,0.0010023033712058989,0.025701553890756054,0.027177102751583544,0.01860060229637008,0.009769592363006476,0.050419907877060875
network_tcp-flags_std_deviation,0.0003754537865247878,0.028936878918898366,0.017766023662483848,0.03619129943772022,0.04598518717586034,0.010218227188818211,0.02947168558462245,0.0026860229016490065,0.04244656078862574,0.024662246441382533,0.01846693309823148,0.004556347397177997,0.08070084828898033
network_ttl_avg,0.06715965671765689,0.048919374166238976,0.02629105263613507,0.05056354438466691,0.03354079249853149,0.2014264544235974,0.028687965686253206,0.014929629602732196,0.017134231688980997,0.027120586111504294,0.03158236204731246,0.013670139131618967,0.021518383079208815
network_ttl_max,0.09358174852593497,0.007342019002127952,0.004772447802177864,0.01912762679366845,0.02051222271136028,0.00896440254697031,0.01176677499181482,0.0064166736011189674,0.005098647569689699,0.015349772059071232,0.004834682301067511,0.0037766182054038335,0.003687880711564816
network_ttl_min,0.041120693272727236,0.012964111349729223,0.02446209001842389,0.019938708681355746,0.014539926893056701,0.25222872309459277,0.027078431257985407,0.015987781079311026,0.01130733290573842,0.026854463069725523,0.021992167127737664,0.01097880353098002,0.02789210310636892
network_ttl_std_deviation,0.00114742665624009,0.031492682861366764,0.01617517546424515,0.18723116475126378,0.03554912247839341,0.0055380398885803905,0.024690260754712343,0.004167785177579055,0.025293278377836046,0.014793513637068548,0.022024888259207995,0.00472748162869386,0.008209231516342385
network_window-size_avg,0.0005986346008999642,0.0674840446552954,0.029539810040063615,0.012242764623231987,0.01688126152238703,0.005023209560598272,0.017489895435625426,0.0034287665936864912,0.007938773628404089,0.019657851133034743,0.018850176695874847,0.0053924605987879844,0.020164707504368128
network_window-size_max,0.00035565222726405054,0.01528934912384631,0.01570362018916536,0.0019283801977880066,0.0032298767104232493,0.004067977506289504,0.020760739084273824,0.0016642802319938128,0.004388649014525458,0.030086373454069056,0.01331908966943675,0.0002526785865827171,0.012062065293973254
network_window-size_min,0.0002443105902903828,0.044858191726321016,0.01182067185817143,0.03702804119523912,0.015438883940233442,0.003291160722157998,0.010329800893532977,0.0012197326035421918,0.013037182043796952,0.00895875232806678,0.011554895732458033,0.0016337811157724285,0.020100315794546793
network_window-size_std_deviation,7.917232545615308e-05,0.021315476185257066,0.015028488560640488,0.005293410866495927,0.0087961828932665,0.0017328677512257818,0.018151754810422888,0.003886875497995476,0.00742155091310241,0.023634242882174,0.008632312860425272,0.005335738323849285,0.015254243575427267
