cluster,n_rows,share,heldout_precision,heldout_recall,heldout_f1,top3_share,n_eff,clarity_index,dominant_group,dominant_group_top5,top1,top2,top3,top1_share,benign_share,dominant_label,dominant_label_share,clarity_rank
C1,94329,0.4151969048069686,1.0,0.9992932612459804,0.9996465057089328,0.33276366508312527,15.06118296084483,0.33264603502724377,Size Length,4,ip-length_max,header-length_max,ip-length_min,0.11662337410928088,0.8709304667705584,benign,0.8709304667705584,5
C2,41771,0.18385851552218177,0.9973502489160109,0.9912217700103743,0.9942765659395637,0.19629305358121757,39.500217152362694,0.19516958323252379,Timing Control,3,window-size_avg,log_messages_count,log_data-types_count,0.07628191493340705,0.8510210433075579,benign,0.8510210433075579,11
C3,16348,0.07195707576444489,0.9892048993149263,0.9716557911908646,0.9803518156568254,0.20167732981241224,38.93210627432755,0.19771473645841875,Size Length,2,tcp-flags_avg,ip-length_avg,packets_all_count,0.08667316933594224,0.02177636408123318,dos,0.5407389283092733,10
C4,14243,0.06269174395112483,0.9922041105598866,0.9829159840861221,0.9875382083235363,0.38976210640008263,24.057368724579778,0.38490497222674513,Timing Control,2,ttl_std,mss_avg,ip-flags_avg,0.21373370186335025,0.0004914694937864214,recon,0.974162746612371,4
C5,10304,0.04535390926577197,0.9488327470418932,0.9598835328372695,0.9543261498874236,0.25811281164576005,34.4083853819084,0.24632380577451593,Size Length,3,mss_avg,mss_min,tcp-flags_std,0.12693461243820273,0.007472826086956522,recon,0.6612965838509317,6
C6,9671,0.042567707347562184,0.9996554100620262,1.0,0.9998276753403412,0.5775983440231067,15.068122232730374,0.5774988095850535,Timing Control,2,ttl_min,ttl_avg,ip-length_min,0.2783197447387482,0.8878089132457864,benign,0.8878089132457864,2
C7,9296,0.040917113794120365,0.9748201438848921,0.9716744352814629,0.9732447477105405,0.1454995025780118,44.890427242113354,0.14160662667854623,Size Length,3,mss_avg,tcp-flags_min,mss_min,0.05615658836227053,0.46073580034423406,benign,0.46073580034423406,13
C8,9039,0.03978590701216157,0.9977851605758582,0.9966814159292036,0.9972329828444937,0.5456924628495198,14.923176457969657,0.5441825224431847,Size Length,3,payload-length_avg,ip-length_avg,packet-size_avg,0.2386477714196599,0.039495519415864586,dos,0.49131541099679166,3
C9,8650,0.03807369129939126,0.9531428571428572,0.9641618497109826,0.9586206896551724,0.2501511554355457,35.242830889945864,0.23980007314166107,Size Length,4,mss_avg,mss_min,tcp-flags_std,0.11528207202050283,0.0708670520231214,malware,0.46046242774566476,7
C10,6730,0.029622652305769156,0.9620374819798174,0.991579990094106,0.9765853658536585,0.22717649701614864,37.47119492683307,0.22185724245186808,Header Flags,2,ip-flags_avg,ip-flags_min,mss_avg,0.10102861705008147,0.6989598811292719,benign,0.6989598811292719,8
C11,5305,0.023350396802690247,0.8566350710900474,0.9082914572864321,0.8817073170731707,0.17029505236107587,41.612753851930094,0.15015039372811934,Packet Traffic Rate,2,packets_all_count,packets_dst_count,tcp-flags_avg,0.06083607778120599,0.021677662582469368,ddos,0.3937794533459001,12
C12,1322,0.005818892473733555,1.0,1.0,1.0,0.595898902702765,12.599392489226313,0.595898902702765,Header Flags,3,tcp-flags-fin_count,tcp-flags-rst_count,packets_dst_count,0.2245964676346968,0.0,ddos,1.0,1
C13,183,0.000805489654079607,0.8333333333333334,1.0,0.9090909090909091,0.22883971036242132,33.97443538122919,0.20803610032947392,Header Flags,3,tcp-flags_std,mss_avg,mss_min,0.09097843549128022,0.0,recon,0.994535519125683,9
